linear-algebra/blas/syrk/syrk,,0.00002100,0,14928
linear-algebra/blas/syrk/syrk,-floop-interchange -fpeel-loops -fpredictive-commoning -fsplit-loops -ftree-loop-vectorize -ftree-slp-vectorize -fvect-cost-model -fvect-cost-model=dynamic -fversion-loops-for-strides ,0.00001833,5,19048
linear-algebra/blas/syrk/syrk,-floop-interchange -fpeel-loops -fpredictive-commoning -fsplit-loops -ftree-loop-vectorize -funswitch-loops -fvect-cost-model -fvect-cost-model=dynamic -fversion-loops-for-strides ,0.00001766,3.73700,19048
linear-algebra/blas/syrk/syrk,-floop-interchange -fpeel-loops -fpredictive-commoning -fsplit-loops -ftree-partial-pre -ftree-slp-vectorize -funswitch-loops -fvect-cost-model -fvect-cost-model=dynamic ,0.00002066,3.19400,14928
linear-algebra/blas/syrk/syrk,-floop-interchange -fpeel-loops -fpredictive-commoning -fsplit-loops -ftree-partial-pre -ftree-slp-vectorize -funswitch-loops -fvect-cost-model -fversion-loops-for-strides ,0.00002000,0,14928
linear-algebra/blas/syrk/syrk,-floop-interchange -fpeel-loops -fpredictive-commoning -fsplit-loops -ftree-partial-pre -ftree-slp-vectorize -funswitch-loops -fvect-cost-model=dynamic -fversion-loops-for-strides ,0.00002100,0,14928
linear-algebra/blas/syrk/syrk,-floop-interchange -fpeel-loops -fpredictive-commoning -fsplit-loops -ftree-partial-pre -ftree-slp-vectorize -fvect-cost-model -fvect-cost-model=dynamic -fversion-loops-for-strides ,0.00002066,3.19400,14928
linear-algebra/blas/syrk/syrk,-floop-interchange -fpeel-loops -fpredictive-commoning -fsplit-loops -ftree-partial-pre -funswitch-loops -fvect-cost-model -fvect-cost-model=dynamic -fversion-loops-for-strides ,0.00002033,3.29500,14928
linear-algebra/blas/syrk/syrk,-floop-interchange -fpeel-loops -fpredictive-commoning -fsplit-loops -ftree-slp-vectorize -funswitch-loops -fvect-cost-model -fvect-cost-model=dynamic -fversion-loops-for-strides ,0.00002000,0,14928
linear-algebra/blas/syrk/syrk,-floop-interchange -fpeel-loops -fpredictive-commoning -fsplit-paths -ftree-loop-distribution -ftree-loop-vectorize -ftree-partial-pre -ftree-slp-vectorize -funswitch-loops ,0.00001733,3.86600,19048
linear-algebra/blas/syrk/syrk,-floop-interchange -fpeel-loops -fpredictive-commoning -fsplit-paths -ftree-loop-distribution -ftree-loop-vectorize -ftree-partial-pre -ftree-slp-vectorize -fvect-cost-model ,0.00001800,0,19048
linear-algebra/blas/syrk/syrk,-floop-interchange -fpeel-loops -fpredictive-commoning -fsplit-paths -ftree-loop-distribution -ftree-loop-vectorize -ftree-partial-pre -ftree-slp-vectorize -fvect-cost-model=dynamic ,0.00001833,3.65500,19048
linear-algebra/blas/syrk/syrk,-floop-interchange -fpeel-loops -fpredictive-commoning -fsplit-paths -ftree-loop-distribution -ftree-loop-vectorize -ftree-partial-pre -ftree-slp-vectorize -fversion-loops-for-strides ,0.00001800,0,19048
linear-algebra/blas/syrk/syrk,-floop-interchange -fpeel-loops -fpredictive-commoning -fsplit-paths -ftree-loop-distribution -ftree-loop-vectorize -ftree-partial-pre -funswitch-loops -fvect-cost-model ,0.00001766,3.73700,19048
linear-algebra/blas/syrk/syrk,-floop-interchange -fpeel-loops -fpredictive-commoning -fsplit-paths -ftree-loop-distribution -ftree-loop-vectorize -ftree-partial-pre -funswitch-loops -fvect-cost-model=dynamic ,0.00001700,0,19048
linear-algebra/blas/syrk/syrk,-floop-interchange -fpeel-loops -fpredictive-commoning -fsplit-paths -ftree-loop-distribution -ftree-loop-vectorize -ftree-partial-pre -funswitch-loops -fversion-loops-for-strides ,0.00001766,3.73700,19048
linear-algebra/blas/syrk/syrk,-floop-interchange -fpeel-loops -fpredictive-commoning -fsplit-paths -ftree-loop-distribution -ftree-loop-vectorize -ftree-partial-pre -fvect-cost-model -fvect-cost-model=dynamic ,0.00001766,3.73700,19048
linear-algebra/blas/syrk/syrk,-floop-interchange -fpeel-loops -fpredictive-commoning -fsplit-paths -ftree-loop-distribution -ftree-loop-vectorize -ftree-partial-pre -fvect-cost-model -fversion-loops-for-strides ,0.00001800,0,19048
linear-algebra/blas/syrk/syrk,-floop-interchange -fpeel-loops -fpredictive-commoning -fsplit-paths -ftree-loop-distribution -ftree-loop-vectorize -ftree-partial-pre -fvect-cost-model=dynamic -fversion-loops-for-strides ,0.00001800,0,19048
linear-algebra/blas/syrk/syrk,-floop-interchange -fpeel-loops -fpredictive-commoning -fsplit-paths -ftree-loop-distribution -ftree-loop-vectorize -ftree-slp-vectorize -funswitch-loops -fvect-cost-model ,0.00001766,3.73700,19048
linear-algebra/blas/syrk/syrk,-floop-interchange -fpeel-loops -fpredictive-commoning -fsplit-paths -ftree-loop-distribution -ftree-loop-vectorize -ftree-slp-vectorize -funswitch-loops -fvect-cost-model=dynamic ,0.00001800,0,19048
linear-algebra/blas/syrk/syrk,-floop-interchange -fpeel-loops -fpredictive-commoning -fsplit-paths -ftree-loop-distribution -ftree-loop-vectorize -ftree-slp-vectorize -funswitch-loops -fversion-loops-for-strides ,0.00001833,3.65500,19048
linear-algebra/blas/syrk/syrk,-floop-interchange -fpeel-loops -fpredictive-commoning -fsplit-paths -ftree-loop-distribution -ftree-loop-vectorize -ftree-slp-vectorize -fvect-cost-model -fvect-cost-model=dynamic ,0.00001766,3.73700,19048
linear-algebra/blas/syrk/syrk,-floop-interchange -fpeel-loops -fpredictive-commoning -fsplit-paths -ftree-loop-distribution -ftree-loop-vectorize -ftree-slp-vectorize -fvect-cost-model -fversion-loops-for-strides ,0.00001733,3.86600,19048
linear-algebra/blas/syrk/syrk,-floop-interchange -fpeel-loops -fpredictive-commoning -fsplit-paths -ftree-loop-distribution -ftree-loop-vectorize -ftree-slp-vectorize -fvect-cost-model=dynamic -fversion-loops-for-strides ,0.00001833,3.65500,19048
linear-algebra/blas/syrk/syrk,-floop-interchange -fpeel-loops -fpredictive-commoning -fsplit-paths -ftree-loop-distribution -ftree-loop-vectorize -funswitch-loops -fvect-cost-model -fvect-cost-model=dynamic ,0.00001700,0,19048
linear-algebra/blas/syrk/syrk,-floop-interchange -fpeel-loops -fpredictive-commoning -fsplit-paths -ftree-loop-distribution -ftree-loop-vectorize -funswitch-loops -fvect-cost-model -fversion-loops-for-strides ,0.00001800,0,19048
linear-algebra/blas/syrk/syrk,-floop-interchange -fpeel-loops -fpredictive-commoning -fsplit-paths -ftree-loop-distribution -ftree-loop-vectorize -funswitch-loops -fvect-cost-model=dynamic -fversion-loops-for-strides ,0.00001800,0,19048
linear-algebra/blas/syrk/syrk,-floop-interchange -fpeel-loops -fpredictive-commoning -fsplit-paths -ftree-loop-distribution -ftree-loop-vectorize -fvect-cost-model -fvect-cost-model=dynamic -fversion-loops-for-strides ,0.00001800,0,19048
linear-algebra/blas/syrk/syrk,-floop-interchange -fpeel-loops -fpredictive-commoning -fsplit-paths -ftree-loop-distribution -ftree-partial-pre -ftree-slp-vectorize -funswitch-loops -fvect-cost-model ,0.00002033,3.29500,14928
linear-algebra/blas/syrk/syrk,-floop-interchange -fpeel-loops -fpredictive-commoning -fsplit-paths -ftree-loop-distribution -ftree-partial-pre -ftree-slp-vectorize -funswitch-loops -fvect-cost-model=dynamic ,0.00002000,0,14928
linear-algebra/blas/syrk/syrk,-floop-interchange -fpeel-loops -fpredictive-commoning -fsplit-paths -ftree-loop-distribution -ftree-partial-pre -ftree-slp-vectorize -funswitch-loops -fversion-loops-for-strides ,0.00002033,3.29500,14928
linear-algebra/blas/syrk/syrk,-floop-interchange -fpeel-loops -fpredictive-commoning -fsplit-paths -ftree-loop-distribution -ftree-partial-pre -ftree-slp-vectorize -fvect-cost-model -fvect-cost-model=dynamic ,0.00002100,0,14928
linear-algebra/blas/syrk/syrk,-floop-interchange -fpeel-loops -fpredictive-commoning -fsplit-paths -ftree-loop-distribution -ftree-partial-pre -ftree-slp-vectorize -fvect-cost-model -fversion-loops-for-strides ,0.00002100,0,14928
linear-algebra/blas/syrk/syrk,-floop-interchange -fpeel-loops -fpredictive-commoning -fsplit-paths -ftree-loop-distribution -ftree-partial-pre -ftree-slp-vectorize -fvect-cost-model=dynamic -fversion-loops-for-strides ,0.00002133,3.14100,14928
linear-algebra/blas/syrk/syrk,-floop-interchange -fpeel-loops -fpredictive-commoning -fsplit-paths -ftree-loop-distribution -ftree-partial-pre -funswitch-loops -fvect-cost-model -fvect-cost-model=dynamic ,0.00002166,3.04700,14928
linear-algebra/blas/syrk/syrk,-floop-interchange -fpeel-loops -fpredictive-commoning -fsplit-paths -ftree-loop-distribution -ftree-partial-pre -funswitch-loops -fvect-cost-model -fversion-loops-for-strides ,0.00002166,3.04700,14928
linear-algebra/blas/syrk/syrk,-floop-interchange -fpeel-loops -fpredictive-commoning -fsplit-paths -ftree-loop-distribution -ftree-partial-pre -funswitch-loops -fvect-cost-model=dynamic -fversion-loops-for-strides ,0.00002133,3.14100,14928
linear-algebra/blas/syrk/syrk,-floop-interchange -fpeel-loops -fpredictive-commoning -fsplit-paths -ftree-loop-distribution -ftree-partial-pre -fvect-cost-model -fvect-cost-model=dynamic -fversion-loops-for-strides ,0.00002133,3.14100,14928
linear-algebra/blas/syrk/syrk,-floop-interchange -fpeel-loops -fpredictive-commoning -fsplit-paths -ftree-loop-distribution -ftree-slp-vectorize -funswitch-loops -fvect-cost-model -fvect-cost-model=dynamic ,0.00002066,3.19400,14928
linear-algebra/blas/syrk/syrk,-floop-interchange -fpeel-loops -fpredictive-commoning -fsplit-paths -ftree-loop-distribution -ftree-slp-vectorize -funswitch-loops -fvect-cost-model -fversion-loops-for-strides ,0.00002100,0,14928
linear-algebra/blas/syrk/syrk,-floop-interchange -fpeel-loops -fpredictive-commoning -fsplit-paths -ftree-loop-distribution -ftree-slp-vectorize -funswitch-loops -fvect-cost-model=dynamic -fversion-loops-for-strides ,0.00002133,3.14100,14928
linear-algebra/blas/syrk/syrk,-floop-interchange -fpeel-loops -fpredictive-commoning -fsplit-paths -ftree-loop-distribution -ftree-slp-vectorize -fvect-cost-model -fvect-cost-model=dynamic -fversion-loops-for-strides ,0.00002066,3.19400,14928
linear-algebra/blas/syrk/syrk,-floop-interchange -fpeel-loops -fpredictive-commoning -fsplit-paths -ftree-loop-distribution -funswitch-loops -fvect-cost-model -fvect-cost-model=dynamic -fversion-loops-for-strides ,0.00002100,0,14928
linear-algebra/blas/syrk/syrk,-floop-interchange -fpeel-loops -fpredictive-commoning -fsplit-paths -ftree-loop-vectorize -ftree-partial-pre -ftree-slp-vectorize -funswitch-loops -fvect-cost-model ,0.00001866,5,19048
linear-algebra/blas/syrk/syrk,-floop-interchange -fpeel-loops -fpredictive-commoning -fsplit-paths -ftree-loop-vectorize -ftree-partial-pre -ftree-slp-vectorize -funswitch-loops -fvect-cost-model=dynamic ,0.00001800,0,19048
linear-algebra/blas/syrk/syrk,-floop-interchange -fpeel-loops -fpredictive-commoning -fsplit-paths -ftree-loop-vectorize -ftree-partial-pre -ftree-slp-vectorize -funswitch-loops -fversion-loops-for-strides ,0.00001866,3.53600,19048
linear-algebra/blas/syrk/syrk,-floop-interchange -fpeel-loops -fpredictive-commoning -fsplit-paths -ftree-loop-vectorize -ftree-partial-pre -ftree-slp-vectorize -fvect-cost-model -fvect-cost-model=dynamic ,0.00001800,0,19048
linear-algebra/blas/syrk/syrk,-floop-interchange -fpeel-loops -fpredictive-commoning -fsplit-paths -ftree-loop-vectorize -ftree-partial-pre -ftree-slp-vectorize -fvect-cost-model -fversion-loops-for-strides ,0.00001700,0,19048
linear-algebra/blas/syrk/syrk,-floop-interchange -fpeel-loops -fpredictive-commoning -fsplit-paths -ftree-loop-vectorize -ftree-partial-pre -ftree-slp-vectorize -fvect-cost-model=dynamic -fversion-loops-for-strides ,0.00001733,3.86600,19048
linear-algebra/blas/syrk/syrk,-floop-interchange -fpeel-loops -fpredictive-commoning -fsplit-paths -ftree-loop-vectorize -ftree-partial-pre -funswitch-loops -fvect-cost-model -fvect-cost-model=dynamic ,0.00001800,0,19048
linear-algebra/blas/syrk/syrk,-floop-interchange -fpeel-loops -fpredictive-commoning -fsplit-paths -ftree-loop-vectorize -ftree-partial-pre -funswitch-loops -fvect-cost-model -fversion-loops-for-strides ,0.00001700,0,19048
linear-algebra/blas/syrk/syrk,-floop-interchange -fpeel-loops -fpredictive-commoning -fsplit-paths -ftree-loop-vectorize -ftree-partial-pre -funswitch-loops -fvect-cost-model=dynamic -fversion-loops-for-strides ,0.00001733,3.86600,19048
linear-algebra/blas/syrk/syrk,-floop-interchange -fpeel-loops -fpredictive-commoning -fsplit-paths -ftree-loop-vectorize -ftree-partial-pre -fvect-cost-model -fvect-cost-model=dynamic -fversion-loops-for-strides ,0.00001733,3.86600,19048
linear-algebra/blas/syrk/syrk,-floop-interchange -fpeel-loops -fpredictive-commoning -fsplit-paths -ftree-loop-vectorize -ftree-slp-vectorize -funswitch-loops -fvect-cost-model -fvect-cost-model=dynamic ,0.00001866,3.53600,19048
linear-algebra/blas/syrk/syrk,-floop-interchange -fpeel-loops -fpredictive-commoning -fsplit-paths -ftree-loop-vectorize -ftree-slp-vectorize -funswitch-loops -fvect-cost-model -fversion-loops-for-strides ,0.00001900,0,19048
linear-algebra/blas/syrk/syrk,-floop-interchange -fpeel-loops -fpredictive-commoning -fsplit-paths -ftree-loop-vectorize -ftree-slp-vectorize -funswitch-loops -fvect-cost-model=dynamic -fversion-loops-for-strides ,0.00001766,3.73700,19048
linear-algebra/blas/syrk/syrk,-floop-interchange -fpeel-loops -fpredictive-commoning -fsplit-paths -ftree-loop-vectorize -ftree-slp-vectorize -fvect-cost-model -fvect-cost-model=dynamic -fversion-loops-for-strides ,0.00001733,3.86600,19048
linear-algebra/blas/syrk/syrk,-floop-interchange -fpeel-loops -fpredictive-commoning -fsplit-paths -ftree-loop-vectorize -funswitch-loops -fvect-cost-model -fvect-cost-model=dynamic -fversion-loops-for-strides ,0.00001900,0,19048
linear-algebra/blas/syrk/syrk,-floop-interchange -fpeel-loops -fpredictive-commoning -fsplit-paths -ftree-partial-pre -ftree-slp-vectorize -funswitch-loops -fvect-cost-model -fvect-cost-model=dynamic ,0.00002133,5,14928
linear-algebra/blas/syrk/syrk,-floop-interchange -fpeel-loops -fpredictive-commoning -fsplit-paths -ftree-partial-pre -ftree-slp-vectorize -funswitch-loops -fvect-cost-model -fversion-loops-for-strides ,0.00002166,3.04700,14928
linear-algebra/blas/syrk/syrk,-floop-interchange -fpeel-loops -fpredictive-commoning -fsplit-paths -ftree-partial-pre -ftree-slp-vectorize -funswitch-loops -fvect-cost-model=dynamic -fversion-loops-for-strides ,0.00002166,3.04700,14928
linear-algebra/blas/syrk/syrk,-floop-interchange -fpeel-loops -fpredictive-commoning -fsplit-paths -ftree-partial-pre -ftree-slp-vectorize -fvect-cost-model -fvect-cost-model=dynamic -fversion-loops-for-strides ,0.00002166,3.04700,14928
linear-algebra/blas/syrk/syrk,-floop-interchange -fpeel-loops -fpredictive-commoning -fsplit-paths -ftree-partial-pre -funswitch-loops -fvect-cost-model -fvect-cost-model=dynamic -fversion-loops-for-strides ,0.00002233,3.00000,14928
linear-algebra/blas/syrk/syrk,-floop-interchange -fpeel-loops -fpredictive-commoning -fsplit-paths -ftree-slp-vectorize -funswitch-loops -fvect-cost-model -fvect-cost-model=dynamic -fversion-loops-for-strides ,0.00002166,3.04700,14928
linear-algebra/blas/syrk/syrk,-floop-interchange -fpeel-loops -fpredictive-commoning -ftree-loop-distribution -ftree-loop-vectorize -ftree-partial-pre -ftree-slp-vectorize -funswitch-loops -fvect-cost-model ,0.00001833,3.65500,19048
linear-algebra/blas/syrk/syrk,-floop-interchange -fpeel-loops -fpredictive-commoning -ftree-loop-distribution -ftree-loop-vectorize -ftree-partial-pre -ftree-slp-vectorize -funswitch-loops -fvect-cost-model=dynamic ,0.00001800,0,19048
linear-algebra/blas/syrk/syrk,-floop-interchange -fpeel-loops -fpredictive-commoning -ftree-loop-distribution -ftree-loop-vectorize -ftree-partial-pre -ftree-slp-vectorize -funswitch-loops -fversion-loops-for-strides ,0.00001700,0,19048
linear-algebra/blas/syrk/syrk,-floop-interchange -fpeel-loops -fpredictive-commoning -ftree-loop-distribution -ftree-loop-vectorize -ftree-partial-pre -ftree-slp-vectorize -fvect-cost-model -fvect-cost-model=dynamic ,0.00001733,3.86600,19048
linear-algebra/blas/syrk/syrk,-floop-interchange -fpeel-loops -fpredictive-commoning -ftree-loop-distribution -ftree-loop-vectorize -ftree-partial-pre -ftree-slp-vectorize -fvect-cost-model -fversion-loops-for-strides ,0.00001800,0,19048
linear-algebra/blas/syrk/syrk,-floop-interchange -fpeel-loops -fpredictive-commoning -ftree-loop-distribution -ftree-loop-vectorize -ftree-partial-pre -ftree-slp-vectorize -fvect-cost-model=dynamic -fversion-loops-for-strides ,0.00001800,0,19048
linear-algebra/blas/syrk/syrk,-floop-interchange -fpeel-loops -fpredictive-commoning -ftree-loop-distribution -ftree-loop-vectorize -ftree-partial-pre -funswitch-loops -fvect-cost-model -fvect-cost-model=dynamic ,0.00001800,0,19048
linear-algebra/blas/syrk/syrk,-floop-interchange -fpeel-loops -fpredictive-commoning -ftree-loop-distribution -ftree-loop-vectorize -ftree-partial-pre -funswitch-loops -fvect-cost-model -fversion-loops-for-strides ,0.00001933,5,19048
linear-algebra/blas/syrk/syrk,-floop-interchange -fpeel-loops -fpredictive-commoning -ftree-loop-distribution -ftree-loop-vectorize -ftree-partial-pre -funswitch-loops -fvect-cost-model=dynamic -fversion-loops-for-strides ,0.00001900,0,19048
linear-algebra/blas/syrk/syrk,-floop-interchange -fpeel-loops -fpredictive-commoning -ftree-loop-distribution -ftree-loop-vectorize -ftree-partial-pre -fvect-cost-model -fvect-cost-model=dynamic -fversion-loops-for-strides ,0.00001900,5,19048
linear-algebra/blas/syrk/syrk,-floop-interchange -fpeel-loops -fpredictive-commoning -ftree-loop-distribution -ftree-loop-vectorize -ftree-slp-vectorize -funswitch-loops -fvect-cost-model -fvect-cost-model=dynamic ,0.00001866,3.53600,19048
linear-algebra/blas/syrk/syrk,-floop-interchange -fpeel-loops -fpredictive-commoning -ftree-loop-distribution -ftree-loop-vectorize -ftree-slp-vectorize -funswitch-loops -fvect-cost-model -fversion-loops-for-strides ,0.00001900,0,19048
linear-algebra/blas/syrk/syrk,-floop-interchange -fpeel-loops -fpredictive-commoning -ftree-loop-distribution -ftree-loop-vectorize -ftree-slp-vectorize -funswitch-loops -fvect-cost-model=dynamic -fversion-loops-for-strides ,0.00001800,0,19048
linear-algebra/blas/syrk/syrk,-floop-interchange -fpeel-loops -fpredictive-commoning -ftree-loop-distribution -ftree-loop-vectorize -ftree-slp-vectorize -fvect-cost-model -fvect-cost-model=dynamic -fversion-loops-for-strides ,0.00001733,3.86600,19048
linear-algebra/blas/syrk/syrk,-floop-interchange -fpeel-loops -fpredictive-commoning -ftree-loop-distribution -ftree-loop-vectorize -funswitch-loops -fvect-cost-model -fvect-cost-model=dynamic -fversion-loops-for-strides ,0.00001733,3.86600,19048
linear-algebra/blas/syrk/syrk,-floop-interchange -fpeel-loops -fpredictive-commoning -ftree-loop-distribution -ftree-partial-pre -ftree-slp-vectorize -funswitch-loops -fvect-cost-model -fvect-cost-model=dynamic ,0.00002033,3.29500,14928
linear-algebra/blas/syrk/syrk,-floop-interchange -fpeel-loops -fpredictive-commoning -ftree-loop-distribution -ftree-partial-pre -ftree-slp-vectorize -funswitch-loops -fvect-cost-model -fversion-loops-for-strides ,0.00002033,3.29500,14928
linear-algebra/blas/syrk/syrk,-floop-interchange -fpeel-loops -fpredictive-commoning -ftree-loop-distribution -ftree-partial-pre -ftree-slp-vectorize -funswitch-loops -fvect-cost-model=dynamic -fversion-loops-for-strides ,0.00002066,3.19400,14928
linear-algebra/blas/syrk/syrk,-floop-interchange -fpeel-loops -fpredictive-commoning -ftree-loop-distribution -ftree-partial-pre -ftree-slp-vectorize -fvect-cost-model -fvect-cost-model=dynamic -fversion-loops-for-strides ,0.00002066,3.19400,14928
linear-algebra/blas/syrk/syrk,-floop-interchange -fpeel-loops -fpredictive-commoning -ftree-loop-distribution -ftree-partial-pre -funswitch-loops -fvect-cost-model -fvect-cost-model=dynamic -fversion-loops-for-strides ,0.00002100,0,14928
linear-algebra/blas/syrk/syrk,-floop-interchange -fpeel-loops -fpredictive-commoning -ftree-loop-distribution -ftree-slp-vectorize -funswitch-loops -fvect-cost-model -fvect-cost-model=dynamic -fversion-loops-for-strides ,0.00002166,3.04700,14928
linear-algebra/blas/syrk/syrk,-floop-interchange -fpeel-loops -fpredictive-commoning -ftree-loop-vectorize -ftree-partial-pre -ftree-slp-vectorize -funswitch-loops -fvect-cost-model -fvect-cost-model=dynamic ,0.00001866,3.53600,19048
linear-algebra/blas/syrk/syrk,-floop-interchange -fpeel-loops -fpredictive-commoning -ftree-loop-vectorize -ftree-partial-pre -ftree-slp-vectorize -funswitch-loops -fvect-cost-model -fversion-loops-for-strides ,0.00001800,0,19048
linear-algebra/blas/syrk/syrk,-floop-interchange -fpeel-loops -fpredictive-commoning -ftree-loop-vectorize -ftree-partial-pre -ftree-slp-vectorize -funswitch-loops -fvect-cost-model=dynamic -fversion-loops-for-strides ,0.00001800,5,19048
linear-algebra/blas/syrk/syrk,-floop-interchange -fpeel-loops -fpredictive-commoning -ftree-loop-vectorize -ftree-partial-pre -ftree-slp-vectorize -fvect-cost-model -fvect-cost-model=dynamic -fversion-loops-for-strides ,0.00001766,3.73700,19048
linear-algebra/blas/syrk/syrk,-floop-interchange -fpeel-loops -fpredictive-commoning -ftree-loop-vectorize -ftree-partial-pre -funswitch-loops -fvect-cost-model -fvect-cost-model=dynamic -fversion-loops-for-strides ,0.00001733,3.86600,19048
linear-algebra/blas/syrk/syrk,-floop-interchange -fpeel-loops -fpredictive-commoning -ftree-loop-vectorize -ftree-slp-vectorize -funswitch-loops -fvect-cost-model -fvect-cost-model=dynamic -fversion-loops-for-strides ,0.00001933,3.46600,19048
linear-algebra/blas/syrk/syrk,-floop-interchange -fpeel-loops -fpredictive-commoning -ftree-partial-pre -ftree-slp-vectorize -funswitch-loops -fvect-cost-model -fvect-cost-model=dynamic -fversion-loops-for-strides ,0.00002166,3.04700,14928
linear-algebra/blas/syrk/syrk,-floop-interchange -fpeel-loops -fsplit-loops -fsplit-paths -ftree-loop-distribution -ftree-loop-vectorize -ftree-partial-pre -ftree-slp-vectorize -funswitch-loops ,0.00001766,3.73700,19048
linear-algebra/blas/syrk/syrk,-floop-interchange -fpeel-loops -fsplit-loops -fsplit-paths -ftree-loop-distribution -ftree-loop-vectorize -ftree-partial-pre -ftree-slp-vectorize -fvect-cost-model ,0.00001733,3.86600,19048
linear-algebra/blas/syrk/syrk,-floop-interchange -fpeel-loops -fsplit-loops -fsplit-paths -ftree-loop-distribution -ftree-loop-vectorize -ftree-partial-pre -ftree-slp-vectorize -fvect-cost-model=dynamic ,0.00001833,3.65500,19048
linear-algebra/blas/syrk/syrk,-floop-interchange -fpeel-loops -fsplit-loops -fsplit-paths -ftree-loop-distribution -ftree-loop-vectorize -ftree-partial-pre -ftree-slp-vectorize -fversion-loops-for-strides ,0.00001866,3.53600,19048
linear-algebra/blas/syrk/syrk,-floop-interchange -fpeel-loops -fsplit-loops -fsplit-paths -ftree-loop-distribution -ftree-loop-vectorize -ftree-partial-pre -funswitch-loops -fvect-cost-model ,0.00001866,3.53600,19048
linear-algebra/blas/syrk/syrk,-floop-interchange -fpeel-loops -fsplit-loops -fsplit-paths -ftree-loop-distribution -ftree-loop-vectorize -ftree-partial-pre -funswitch-loops -fvect-cost-model=dynamic ,0.00001766,3.73700,19048
linear-algebra/blas/syrk/syrk,-floop-interchange -fpeel-loops -fsplit-loops -fsplit-paths -ftree-loop-distribution -ftree-loop-vectorize -ftree-partial-pre -funswitch-loops -fversion-loops-for-strides ,0.00001800,0,19048
linear-algebra/blas/syrk/syrk,-floop-interchange -fpeel-loops -fsplit-loops -fsplit-paths -ftree-loop-distribution -ftree-loop-vectorize -ftree-partial-pre -fvect-cost-model -fvect-cost-model=dynamic ,0.00001833,3.65500,19048
linear-algebra/blas/syrk/syrk,-floop-interchange -fpeel-loops -fsplit-loops -fsplit-paths -ftree-loop-distribution -ftree-loop-vectorize -ftree-partial-pre -fvect-cost-model -fversion-loops-for-strides ,0.00001866,3.53600,19048
linear-algebra/blas/syrk/syrk,-floop-interchange -fpeel-loops -fsplit-loops -fsplit-paths -ftree-loop-distribution -ftree-loop-vectorize -ftree-partial-pre -fvect-cost-model=dynamic -fversion-loops-for-strides ,0.00001833,3.65500,19048
linear-algebra/blas/syrk/syrk,-floop-interchange -fpeel-loops -fsplit-loops -fsplit-paths -ftree-loop-distribution -ftree-loop-vectorize -ftree-slp-vectorize -funswitch-loops -fvect-cost-model ,0.00001800,0,19048
linear-algebra/blas/syrk/syrk,-floop-interchange -fpeel-loops -fsplit-loops -fsplit-paths -ftree-loop-distribution -ftree-loop-vectorize -ftree-slp-vectorize -funswitch-loops -fvect-cost-model=dynamic ,0.00001966,5,19048
linear-algebra/blas/syrk/syrk,-floop-interchange -fpeel-loops -fsplit-loops -fsplit-paths -ftree-loop-distribution -ftree-loop-vectorize -ftree-slp-vectorize -funswitch-loops -fversion-loops-for-strides ,0.00001833,3.65500,19048
linear-algebra/blas/syrk/syrk,-floop-interchange -fpeel-loops -fsplit-loops -fsplit-paths -ftree-loop-distribution -ftree-loop-vectorize -ftree-slp-vectorize -fvect-cost-model -fvect-cost-model=dynamic ,0.00001800,5,19048
linear-algebra/blas/syrk/syrk,-floop-interchange -fpeel-loops -fsplit-loops -fsplit-paths -ftree-loop-distribution -ftree-loop-vectorize -ftree-slp-vectorize -fvect-cost-model -fversion-loops-for-strides ,0.00001966,5,19048
linear-algebra/blas/syrk/syrk,-floop-interchange -fpeel-loops -fsplit-loops -fsplit-paths -ftree-loop-distribution -ftree-loop-vectorize -ftree-slp-vectorize -fvect-cost-model=dynamic -fversion-loops-for-strides ,0.00001800,0,19048
linear-algebra/blas/syrk/syrk,-floop-interchange -fpeel-loops -fsplit-loops -fsplit-paths -ftree-loop-distribution -ftree-loop-vectorize -funswitch-loops -fvect-cost-model -fvect-cost-model=dynamic ,0.00001900,0,19048
linear-algebra/blas/syrk/syrk,-floop-interchange -fpeel-loops -fsplit-loops -fsplit-paths -ftree-loop-distribution -ftree-loop-vectorize -funswitch-loops -fvect-cost-model -fversion-loops-for-strides ,0.00001800,0,19048
linear-algebra/blas/syrk/syrk,-floop-interchange -fpeel-loops -fsplit-loops -fsplit-paths -ftree-loop-distribution -ftree-loop-vectorize -funswitch-loops -fvect-cost-model=dynamic -fversion-loops-for-strides ,0.00001833,3.65500,19048
linear-algebra/blas/syrk/syrk,-floop-interchange -fpeel-loops -fsplit-loops -fsplit-paths -ftree-loop-distribution -ftree-loop-vectorize -fvect-cost-model -fvect-cost-model=dynamic -fversion-loops-for-strides ,0.00001800,0,19048
linear-algebra/blas/syrk/syrk,-floop-interchange -fpeel-loops -fsplit-loops -fsplit-paths -ftree-loop-distribution -ftree-partial-pre -ftree-slp-vectorize -funswitch-loops -fvect-cost-model ,0.00002100,0,14928
linear-algebra/blas/syrk/syrk,-floop-interchange -fpeel-loops -fsplit-loops -fsplit-paths -ftree-loop-distribution -ftree-partial-pre -ftree-slp-vectorize -funswitch-loops -fvect-cost-model=dynamic ,0.00002133,5,14928
linear-algebra/blas/syrk/syrk,-floop-interchange -fpeel-loops -fsplit-loops -fsplit-paths -ftree-loop-distribution -ftree-partial-pre -ftree-slp-vectorize -funswitch-loops -fversion-loops-for-strides ,0.00002266,5,14928
linear-algebra/blas/syrk/syrk,-floop-interchange -fpeel-loops -fsplit-loops -fsplit-paths -ftree-loop-distribution -ftree-partial-pre -ftree-slp-vectorize -fvect-cost-model -fvect-cost-model=dynamic ,0.00002200,0,14928
linear-algebra/blas/syrk/syrk,-floop-interchange -fpeel-loops -fsplit-loops -fsplit-paths -ftree-loop-distribution -ftree-partial-pre -ftree-slp-vectorize -fvect-cost-model -fversion-loops-for-strides ,0.00002100,0,14928
linear-algebra/blas/syrk/syrk,-floop-interchange -fpeel-loops -fsplit-loops -fsplit-paths -ftree-loop-distribution -ftree-partial-pre -ftree-slp-vectorize -fvect-cost-model=dynamic -fversion-loops-for-strides ,0.00002133,3.14100,14928
linear-algebra/blas/syrk/syrk,-floop-interchange -fpeel-loops -fsplit-loops -fsplit-paths -ftree-loop-distribution -ftree-partial-pre -funswitch-loops -fvect-cost-model -fvect-cost-model=dynamic ,0.00002133,3.14100,14928
linear-algebra/blas/syrk/syrk,-floop-interchange -fpeel-loops -fsplit-loops -fsplit-paths -ftree-loop-distribution -ftree-partial-pre -funswitch-loops -fvect-cost-model -fversion-loops-for-strides ,0.00002133,3.14100,14928
linear-algebra/blas/syrk/syrk,-floop-interchange -fpeel-loops -fsplit-loops -fsplit-paths -ftree-loop-distribution -ftree-partial-pre -funswitch-loops -fvect-cost-model=dynamic -fversion-loops-for-strides ,0.00002200,4.54500,14928
linear-algebra/blas/syrk/syrk,-floop-interchange -fpeel-loops -fsplit-loops -fsplit-paths -ftree-loop-distribution -ftree-partial-pre -fvect-cost-model -fvect-cost-model=dynamic -fversion-loops-for-strides ,0.00002133,3.14100,14928
linear-algebra/blas/syrk/syrk,-floop-interchange -fpeel-loops -fsplit-loops -fsplit-paths -ftree-loop-distribution -ftree-slp-vectorize -funswitch-loops -fvect-cost-model -fvect-cost-model=dynamic ,0.00002233,3.00000,14928
linear-algebra/blas/syrk/syrk,-floop-interchange -fpeel-loops -fsplit-loops -fsplit-paths -ftree-loop-distribution -ftree-slp-vectorize -funswitch-loops -fvect-cost-model -fversion-loops-for-strides ,0.00002200,0,14928
linear-algebra/blas/syrk/syrk,-floop-interchange -fpeel-loops -fsplit-loops -fsplit-paths -ftree-loop-distribution -ftree-slp-vectorize -funswitch-loops -fvect-cost-model=dynamic -fversion-loops-for-strides ,0.00002133,3.14100,14928
linear-algebra/blas/syrk/syrk,-floop-interchange -fpeel-loops -fsplit-loops -fsplit-paths -ftree-loop-distribution -ftree-slp-vectorize -fvect-cost-model -fvect-cost-model=dynamic -fversion-loops-for-strides ,0.00002100,0,14928
linear-algebra/blas/syrk/syrk,-floop-interchange -fpeel-loops -fsplit-loops -fsplit-paths -ftree-loop-distribution -funswitch-loops -fvect-cost-model -fvect-cost-model=dynamic -fversion-loops-for-strides ,0.00002066,3.19400,14928
linear-algebra/blas/syrk/syrk,-floop-interchange -fpeel-loops -fsplit-loops -fsplit-paths -ftree-loop-vectorize -ftree-partial-pre -ftree-slp-vectorize -funswitch-loops -fvect-cost-model ,0.00001833,3.65500,19048
linear-algebra/blas/syrk/syrk,-floop-interchange -fpeel-loops -fsplit-loops -fsplit-paths -ftree-loop-vectorize -ftree-partial-pre -ftree-slp-vectorize -funswitch-loops -fvect-cost-model=dynamic ,0.00001900,5,19048
linear-algebra/blas/syrk/syrk,-floop-interchange -fpeel-loops -fsplit-loops -fsplit-paths -ftree-loop-vectorize -ftree-partial-pre -ftree-slp-vectorize -funswitch-loops -fversion-loops-for-strides ,0.00001800,0,19048
linear-algebra/blas/syrk/syrk,-floop-interchange -fpeel-loops -fsplit-loops -fsplit-paths -ftree-loop-vectorize -ftree-partial-pre -ftree-slp-vectorize -fvect-cost-model -fvect-cost-model=dynamic ,0.00001800,0,19048
linear-algebra/blas/syrk/syrk,-floop-interchange -fpeel-loops -fsplit-loops -fsplit-paths -ftree-loop-vectorize -ftree-partial-pre -ftree-slp-vectorize -fvect-cost-model -fversion-loops-for-strides ,0.00001833,3.65500,19048
linear-algebra/blas/syrk/syrk,-floop-interchange -fpeel-loops -fsplit-loops -fsplit-paths -ftree-loop-vectorize -ftree-partial-pre -ftree-slp-vectorize -fvect-cost-model=dynamic -fversion-loops-for-strides ,0.00001866,5,19048
linear-algebra/blas/syrk/syrk,-floop-interchange -fpeel-loops -fsplit-loops -fsplit-paths -ftree-loop-vectorize -ftree-partial-pre -funswitch-loops -fvect-cost-model -fvect-cost-model=dynamic ,0.00001766,3.73700,19048
linear-algebra/blas/syrk/syrk,-floop-interchange -fpeel-loops -fsplit-loops -fsplit-paths -ftree-loop-vectorize -ftree-partial-pre -funswitch-loops -fvect-cost-model -fversion-loops-for-strides ,0.00001733,3.86600,19048
linear-algebra/blas/syrk/syrk,-floop-interchange -fpeel-loops -fsplit-loops -fsplit-paths -ftree-loop-vectorize -ftree-partial-pre -funswitch-loops -fvect-cost-model=dynamic -fversion-loops-for-strides ,0.00001766,3.73700,19048
linear-algebra/blas/syrk/syrk,-floop-interchange -fpeel-loops -fsplit-loops -fsplit-paths -ftree-loop-vectorize -ftree-partial-pre -fvect-cost-model -fvect-cost-model=dynamic -fversion-loops-for-strides ,0.00001833,3.65500,19048
linear-algebra/blas/syrk/syrk,-floop-interchange -fpeel-loops -fsplit-loops -fsplit-paths -ftree-loop-vectorize -ftree-slp-vectorize -funswitch-loops -fvect-cost-model -fvect-cost-model=dynamic ,0.00001800,0,19048
linear-algebra/blas/syrk/syrk,-floop-interchange -fpeel-loops -fsplit-loops -fsplit-paths -ftree-loop-vectorize -ftree-slp-vectorize -funswitch-loops -fvect-cost-model -fversion-loops-for-strides ,0.00001833,3.65500,19048
linear-algebra/blas/syrk/syrk,-floop-interchange -fpeel-loops -fsplit-loops -fsplit-paths -ftree-loop-vectorize -ftree-slp-vectorize -funswitch-loops -fvect-cost-model=dynamic -fversion-loops-for-strides ,0.00001866,3.53600,19048
linear-algebra/blas/syrk/syrk,-floop-interchange -fpeel-loops -fsplit-loops -fsplit-paths -ftree-loop-vectorize -ftree-slp-vectorize -fvect-cost-model -fvect-cost-model=dynamic -fversion-loops-for-strides ,0.00001800,0,19048
linear-algebra/blas/syrk/syrk,-floop-interchange -fpeel-loops -fsplit-loops -fsplit-paths -ftree-loop-vectorize -funswitch-loops -fvect-cost-model -fvect-cost-model=dynamic -fversion-loops-for-strides ,0.00001800,5,19048
linear-algebra/blas/syrk/syrk,-floop-interchange -fpeel-loops -fsplit-loops -fsplit-paths -ftree-partial-pre -ftree-slp-vectorize -funswitch-loops -fvect-cost-model -fvect-cost-model=dynamic ,0.00002133,3.14100,14928
linear-algebra/blas/syrk/syrk,-floop-interchange -fpeel-loops -fsplit-loops -fsplit-paths -ftree-partial-pre -ftree-slp-vectorize -funswitch-loops -fvect-cost-model -fversion-loops-for-strides ,0.00002100,4.76100,14928
linear-algebra/blas/syrk/syrk,-floop-interchange -fpeel-loops -fsplit-loops -fsplit-paths -ftree-partial-pre -ftree-slp-vectorize -funswitch-loops -fvect-cost-model=dynamic -fversion-loops-for-strides ,0.00002100,0,14928
linear-algebra/blas/syrk/syrk,-floop-interchange -fpeel-loops -fsplit-loops -fsplit-paths -ftree-partial-pre -ftree-slp-vectorize -fvect-cost-model -fvect-cost-model=dynamic -fversion-loops-for-strides ,0.00002066,3.19400,14928
linear-algebra/blas/syrk/syrk,-floop-interchange -fpeel-loops -fsplit-loops -fsplit-paths -ftree-partial-pre -funswitch-loops -fvect-cost-model -fvect-cost-model=dynamic -fversion-loops-for-strides ,0.00002100,0,14928
linear-algebra/blas/syrk/syrk,-floop-interchange -fpeel-loops -fsplit-loops -fsplit-paths -ftree-slp-vectorize -funswitch-loops -fvect-cost-model -fvect-cost-model=dynamic -fversion-loops-for-strides ,0.00002100,0,14928
linear-algebra/blas/syrk/syrk,-floop-interchange -fpeel-loops -fsplit-loops -ftree-loop-distribution -ftree-loop-vectorize -ftree-partial-pre -ftree-slp-vectorize -funswitch-loops -fvect-cost-model ,0.00001800,0,19048
linear-algebra/blas/syrk/syrk,-floop-interchange -fpeel-loops -fsplit-loops -ftree-loop-distribution -ftree-loop-vectorize -ftree-partial-pre -ftree-slp-vectorize -funswitch-loops -fvect-cost-model=dynamic ,0.00001800,0,19048
linear-algebra/blas/syrk/syrk,-floop-interchange -fpeel-loops -fsplit-loops -ftree-loop-distribution -ftree-loop-vectorize -ftree-partial-pre -ftree-slp-vectorize -funswitch-loops -fversion-loops-for-strides ,0.00001933,3.46600,19048
linear-algebra/blas/syrk/syrk,-floop-interchange -fpeel-loops -fsplit-loops -ftree-loop-distribution -ftree-loop-vectorize -ftree-partial-pre -ftree-slp-vectorize -fvect-cost-model -fvect-cost-model=dynamic ,0.00001700,0,19048
linear-algebra/blas/syrk/syrk,-floop-interchange -fpeel-loops -fsplit-loops -ftree-loop-distribution -ftree-loop-vectorize -ftree-partial-pre -ftree-slp-vectorize -fvect-cost-model -fversion-loops-for-strides ,0.00001866,3.53600,19048
linear-algebra/blas/syrk/syrk,-floop-interchange -fpeel-loops -fsplit-loops -ftree-loop-distribution -ftree-loop-vectorize -ftree-partial-pre -ftree-slp-vectorize -fvect-cost-model=dynamic -fversion-loops-for-strides ,0.00001766,3.73700,19048
linear-algebra/blas/syrk/syrk,-floop-interchange -fpeel-loops -fsplit-loops -ftree-loop-distribution -ftree-loop-vectorize -ftree-partial-pre -funswitch-loops -fvect-cost-model -fvect-cost-model=dynamic ,0.00001800,0,19048
linear-algebra/blas/syrk/syrk,-floop-interchange -fpeel-loops -fsplit-loops -ftree-loop-distribution -ftree-loop-vectorize -ftree-partial-pre -funswitch-loops -fvect-cost-model -fversion-loops-for-strides ,0.00001800,5,19048
linear-algebra/blas/syrk/syrk,-floop-interchange -fpeel-loops -fsplit-loops -ftree-loop-distribution -ftree-loop-vectorize -ftree-partial-pre -funswitch-loops -fvect-cost-model=dynamic -fversion-loops-for-strides ,0.00001800,5,19048
linear-algebra/blas/syrk/syrk,-floop-interchange -fpeel-loops -fsplit-loops -ftree-loop-distribution -ftree-loop-vectorize -ftree-partial-pre -fvect-cost-model -fvect-cost-model=dynamic -fversion-loops-for-strides ,0.00001866,3.53600,19048
linear-algebra/blas/syrk/syrk,-floop-interchange -fpeel-loops -fsplit-loops -ftree-loop-distribution -ftree-loop-vectorize -ftree-slp-vectorize -funswitch-loops -fvect-cost-model -fvect-cost-model=dynamic ,0.00001866,3.53600,19048
linear-algebra/blas/syrk/syrk,-floop-interchange -fpeel-loops -fsplit-loops -ftree-loop-distribution -ftree-loop-vectorize -ftree-slp-vectorize -funswitch-loops -fvect-cost-model -fversion-loops-for-strides ,0.00001933,3.46600,19048
linear-algebra/blas/syrk/syrk,-floop-interchange -fpeel-loops -fsplit-loops -ftree-loop-distribution -ftree-loop-vectorize -ftree-slp-vectorize -funswitch-loops -fvect-cost-model=dynamic -fversion-loops-for-strides ,0.00001833,3.65500,19048
linear-algebra/blas/syrk/syrk,-floop-interchange -fpeel-loops -fsplit-loops -ftree-loop-distribution -ftree-loop-vectorize -ftree-slp-vectorize -fvect-cost-model -fvect-cost-model=dynamic -fversion-loops-for-strides ,0.00001900,5,19048
linear-algebra/blas/syrk/syrk,-floop-interchange -fpeel-loops -fsplit-loops -ftree-loop-distribution -ftree-loop-vectorize -funswitch-loops -fvect-cost-model -fvect-cost-model=dynamic -fversion-loops-for-strides ,0.00001900,5,19048
linear-algebra/blas/syrk/syrk,-floop-interchange -fpeel-loops -fsplit-loops -ftree-loop-distribution -ftree-partial-pre -ftree-slp-vectorize -funswitch-loops -fvect-cost-model -fvect-cost-model=dynamic ,0.00002200,4.54500,14928
linear-algebra/blas/syrk/syrk,-floop-interchange -fpeel-loops -fsplit-loops -ftree-loop-distribution -ftree-partial-pre -ftree-slp-vectorize -funswitch-loops -fvect-cost-model -fversion-loops-for-strides ,0.00002200,0,14928
linear-algebra/blas/syrk/syrk,-floop-interchange -fpeel-loops -fsplit-loops -ftree-loop-distribution -ftree-partial-pre -ftree-slp-vectorize -funswitch-loops -fvect-cost-model=dynamic -fversion-loops-for-strides ,0.00002166,3.04700,14928
linear-algebra/blas/syrk/syrk,-floop-interchange -fpeel-loops -fsplit-loops -ftree-loop-distribution -ftree-partial-pre -ftree-slp-vectorize -fvect-cost-model -fvect-cost-model=dynamic -fversion-loops-for-strides ,0.00002066,3.19400,14928
linear-algebra/blas/syrk/syrk,-floop-interchange -fpeel-loops -fsplit-loops -ftree-loop-distribution -ftree-partial-pre -funswitch-loops -fvect-cost-model -fvect-cost-model=dynamic -fversion-loops-for-strides ,0.00002100,0,14928
linear-algebra/blas/syrk/syrk,-floop-interchange -fpeel-loops -fsplit-loops -ftree-loop-distribution -ftree-slp-vectorize -funswitch-loops -fvect-cost-model -fvect-cost-model=dynamic -fversion-loops-for-strides ,0.00002133,3.14100,14928
linear-algebra/blas/syrk/syrk,-floop-interchange -fpeel-loops -fsplit-loops -ftree-loop-vectorize -ftree-partial-pre -ftree-slp-vectorize -funswitch-loops -fvect-cost-model -fvect-cost-model=dynamic ,0.00001900,5,19048
linear-algebra/blas/syrk/syrk,-floop-interchange -fpeel-loops -fsplit-loops -ftree-loop-vectorize -ftree-partial-pre -ftree-slp-vectorize -funswitch-loops -fvect-cost-model -fversion-loops-for-strides ,0.00001866,3.53600,19048
linear-algebra/blas/syrk/syrk,-floop-interchange -fpeel-loops -fsplit-loops -ftree-loop-vectorize -ftree-partial-pre -ftree-slp-vectorize -funswitch-loops -fvect-cost-model=dynamic -fversion-loops-for-strides ,0.00002133,5,19048
linear-algebra/blas/syrk/syrk,-floop-interchange -fpeel-loops -fsplit-loops -ftree-loop-vectorize -ftree-partial-pre -ftree-slp-vectorize -fvect-cost-model -fvect-cost-model=dynamic -fversion-loops-for-strides ,0.00001933,3.46600,19048
linear-algebra/blas/syrk/syrk,-floop-interchange -fpeel-loops -fsplit-loops -ftree-loop-vectorize -ftree-partial-pre -funswitch-loops -fvect-cost-model -fvect-cost-model=dynamic -fversion-loops-for-strides ,0.00002133,5,19048
linear-algebra/blas/syrk/syrk,-floop-interchange -fpeel-loops -fsplit-loops -ftree-loop-vectorize -ftree-slp-vectorize -funswitch-loops -fvect-cost-model -fvect-cost-model=dynamic -fversion-loops-for-strides ,0.00001866,3.53600,19048
linear-algebra/blas/syrk/syrk,-floop-interchange -fpeel-loops -fsplit-loops -ftree-partial-pre -ftree-slp-vectorize -funswitch-loops -fvect-cost-model -fvect-cost-model=dynamic -fversion-loops-for-strides ,0.00002533,5,14928
linear-algebra/blas/syrk/syrk,-floop-interchange -fpeel-loops -fsplit-paths -ftree-loop-distribution -ftree-loop-vectorize -ftree-partial-pre -ftree-slp-vectorize -funswitch-loops -fvect-cost-model ,0.00001900,0,19048
linear-algebra/blas/syrk/syrk,-floop-interchange -fpeel-loops -fsplit-paths -ftree-loop-distribution -ftree-loop-vectorize -ftree-partial-pre -ftree-slp-vectorize -funswitch-loops -fvect-cost-model=dynamic ,0.00001833,3.65500,19048
linear-algebra/blas/syrk/syrk,-floop-interchange -fpeel-loops -fsplit-paths -ftree-loop-distribution -ftree-loop-vectorize -ftree-partial-pre -ftree-slp-vectorize -funswitch-loops -fversion-loops-for-strides ,0.00001866,3.53600,19048
linear-algebra/blas/syrk/syrk,-floop-interchange -fpeel-loops -fsplit-paths -ftree-loop-distribution -ftree-loop-vectorize -ftree-partial-pre -ftree-slp-vectorize -fvect-cost-model -fvect-cost-model=dynamic ,0.00002033,5,19048
linear-algebra/blas/syrk/syrk,-floop-interchange -fpeel-loops -fsplit-paths -ftree-loop-distribution -ftree-loop-vectorize -ftree-partial-pre -ftree-slp-vectorize -fvect-cost-model -fversion-loops-for-strides ,0.00001800,0,19048
linear-algebra/blas/syrk/syrk,-floop-interchange -fpeel-loops -fsplit-paths -ftree-loop-distribution -ftree-loop-vectorize -ftree-partial-pre -ftree-slp-vectorize -fvect-cost-model=dynamic -fversion-loops-for-strides ,0.00002100,0,19048
linear-algebra/blas/syrk/syrk,-floop-interchange -fpeel-loops -fsplit-paths -ftree-loop-distribution -ftree-loop-vectorize -ftree-partial-pre -funswitch-loops -fvect-cost-model -fvect-cost-model=dynamic ,0.00001966,3.35700,19048
linear-algebra/blas/syrk/syrk,-floop-interchange -fpeel-loops -fsplit-paths -ftree-loop-distribution -ftree-loop-vectorize -ftree-partial-pre -funswitch-loops -fvect-cost-model -fversion-loops-for-strides ,0.00001900,5,19048
linear-algebra/blas/syrk/syrk,-floop-interchange -fpeel-loops -fsplit-paths -ftree-loop-distribution -ftree-loop-vectorize -ftree-partial-pre -funswitch-loops -fvect-cost-model=dynamic -fversion-loops-for-strides ,0.00001900,5,19048
linear-algebra/blas/syrk/syrk,-floop-interchange -fpeel-loops -fsplit-paths -ftree-loop-distribution -ftree-loop-vectorize -ftree-partial-pre -fvect-cost-model -fvect-cost-model=dynamic -fversion-loops-for-strides ,0.00001900,0,19048
linear-algebra/blas/syrk/syrk,-floop-interchange -fpeel-loops -fsplit-paths -ftree-loop-distribution -ftree-loop-vectorize -ftree-slp-vectorize -funswitch-loops -fvect-cost-model -fvect-cost-model=dynamic ,0.00001833,3.65500,19048
linear-algebra/blas/syrk/syrk,-floop-interchange -fpeel-loops -fsplit-paths -ftree-loop-distribution -ftree-loop-vectorize -ftree-slp-vectorize -funswitch-loops -fvect-cost-model -fversion-loops-for-strides ,0.00001833,3.65500,19048
linear-algebra/blas/syrk/syrk,-floop-interchange -fpeel-loops -fsplit-paths -ftree-loop-distribution -ftree-loop-vectorize -ftree-slp-vectorize -funswitch-loops -fvect-cost-model=dynamic -fversion-loops-for-strides ,0.00001933,5,19048
linear-algebra/blas/syrk/syrk,-floop-interchange -fpeel-loops -fsplit-paths -ftree-loop-distribution -ftree-loop-vectorize -ftree-slp-vectorize -fvect-cost-model -fvect-cost-model=dynamic -fversion-loops-for-strides ,0.00001933,3.46600,19048
linear-algebra/blas/syrk/syrk,-floop-interchange -fpeel-loops -fsplit-paths -ftree-loop-distribution -ftree-loop-vectorize -funswitch-loops -fvect-cost-model -fvect-cost-model=dynamic -fversion-loops-for-strides ,0.00001866,3.53600,19048
linear-algebra/blas/syrk/syrk,-floop-interchange -fpeel-loops -fsplit-paths -ftree-loop-distribution -ftree-partial-pre -ftree-slp-vectorize -funswitch-loops -fvect-cost-model -fvect-cost-model=dynamic ,0.00002266,2.91200,14928
linear-algebra/blas/syrk/syrk,-floop-interchange -fpeel-loops -fsplit-paths -ftree-loop-distribution -ftree-partial-pre -ftree-slp-vectorize -funswitch-loops -fvect-cost-model -fversion-loops-for-strides ,0.00002266,2.91200,14928
linear-algebra/blas/syrk/syrk,-floop-interchange -fpeel-loops -fsplit-paths -ftree-loop-distribution -ftree-partial-pre -ftree-slp-vectorize -funswitch-loops -fvect-cost-model=dynamic -fversion-loops-for-strides ,0.00002200,0,14928
linear-algebra/blas/syrk/syrk,-floop-interchange -fpeel-loops -fsplit-paths -ftree-loop-distribution -ftree-partial-pre -ftree-slp-vectorize -fvect-cost-model -fvect-cost-model=dynamic -fversion-loops-for-strides ,0.00002133,3.14100,14928
linear-algebra/blas/syrk/syrk,-floop-interchange -fpeel-loops -fsplit-paths -ftree-loop-distribution -ftree-partial-pre -funswitch-loops -fvect-cost-model -fvect-cost-model=dynamic -fversion-loops-for-strides ,0.00002200,4.54500,14928
linear-algebra/blas/syrk/syrk,-floop-interchange -fpeel-loops -fsplit-paths -ftree-loop-distribution -ftree-slp-vectorize -funswitch-loops -fvect-cost-model -fvect-cost-model=dynamic -fversion-loops-for-strides ,0.00002366,5,14928
linear-algebra/blas/syrk/syrk,-floop-interchange -fpeel-loops -fsplit-paths -ftree-loop-vectorize -ftree-partial-pre -ftree-slp-vectorize -funswitch-loops -fvect-cost-model -fvect-cost-model=dynamic ,0.00001900,5,19048
linear-algebra/blas/syrk/syrk,-floop-interchange -fpeel-loops -fsplit-paths -ftree-loop-vectorize -ftree-partial-pre -ftree-slp-vectorize -funswitch-loops -fvect-cost-model -fversion-loops-for-strides ,0.00001866,3.53600,19048
linear-algebra/blas/syrk/syrk,-floop-interchange -fpeel-loops -fsplit-paths -ftree-loop-vectorize -ftree-partial-pre -ftree-slp-vectorize -funswitch-loops -fvect-cost-model=dynamic -fversion-loops-for-strides ,0.00002066,5,19048
linear-algebra/blas/syrk/syrk,-floop-interchange -fpeel-loops -fsplit-paths -ftree-loop-vectorize -ftree-partial-pre -ftree-slp-vectorize -fvect-cost-model -fvect-cost-model=dynamic -fversion-loops-for-strides ,0.00002066,5,19048
linear-algebra/blas/syrk/syrk,-floop-interchange -fpeel-loops -fsplit-paths -ftree-loop-vectorize -ftree-partial-pre -funswitch-loops -fvect-cost-model -fvect-cost-model=dynamic -fversion-loops-for-strides ,0.00001900,0,19048
linear-algebra/blas/syrk/syrk,-floop-interchange -fpeel-loops -fsplit-paths -ftree-loop-vectorize -ftree-slp-vectorize -funswitch-loops -fvect-cost-model -fvect-cost-model=dynamic -fversion-loops-for-strides ,0.00001966,3.35700,19048
linear-algebra/blas/syrk/syrk,-floop-interchange -fpeel-loops -fsplit-paths -ftree-partial-pre -ftree-slp-vectorize -funswitch-loops -fvect-cost-model -fvect-cost-model=dynamic -fversion-loops-for-strides ,0.00002200,4.54500,14928
linear-algebra/blas/syrk/syrk,-floop-interchange -fpeel-loops -ftree-loop-distribution -ftree-loop-vectorize -ftree-partial-pre -ftree-slp-vectorize -funswitch-loops -fvect-cost-model -fvect-cost-model=dynamic ,0.00001866,3.53600,19048
linear-algebra/blas/syrk/syrk,-floop-interchange -fpeel-loops -ftree-loop-distribution -ftree-loop-vectorize -ftree-partial-pre -ftree-slp-vectorize -funswitch-loops -fvect-cost-model -fversion-loops-for-strides ,0.00001966,3.35700,19048
linear-algebra/blas/syrk/syrk,-floop-interchange -fpeel-loops -ftree-loop-distribution -ftree-loop-vectorize -ftree-partial-pre -ftree-slp-vectorize -funswitch-loops -fvect-cost-model=dynamic -fversion-loops-for-strides ,0.00001933,5,19048
linear-algebra/blas/syrk/syrk,-floop-interchange -fpeel-loops -ftree-loop-distribution -ftree-loop-vectorize -ftree-partial-pre -ftree-slp-vectorize -fvect-cost-model -fvect-cost-model=dynamic -fversion-loops-for-strides ,0.00001966,5,19048
linear-algebra/blas/syrk/syrk,-floop-interchange -fpeel-loops -ftree-loop-distribution -ftree-loop-vectorize -ftree-partial-pre -funswitch-loops -fvect-cost-model -fvect-cost-model=dynamic -fversion-loops-for-strides ,0.00001833,3.65500,19048
linear-algebra/blas/syrk/syrk,-floop-interchange -fpeel-loops -ftree-loop-distribution -ftree-loop-vectorize -ftree-slp-vectorize -funswitch-loops -fvect-cost-model -fvect-cost-model=dynamic -fversion-loops-for-strides ,0.00001900,0,19048
