linear-algebra/blas/gesummv/gesummv,,0.00005866,3.98900,14928
linear-algebra/blas/gesummv/gesummv,-fgcse-after-reload -floop-unroll-and-jam -fpeel-loops -fpredictive-commoning -fsplit-loops -fsplit-paths -ftree-loop-distribution -ftree-partial-pre -ftree-slp-vectorize -funswitch-loops -fvect-cost-model -fvect-cost-model=dynamic -fversion-loops-for-strides ,0.00005900,5,14928
linear-algebra/blas/gesummv/gesummv,-fgcse-after-reload -floop-unroll-and-jam -fpeel-loops -fpredictive-commoning -fsplit-loops -fsplit-paths -ftree-loop-vectorize -ftree-partial-pre -ftree-slp-vectorize -funswitch-loops -fvect-cost-model -fvect-cost-model=dynamic -fversion-loops-for-strides ,0.00005666,1.16400,14952
linear-algebra/blas/gesummv/gesummv,-fgcse-after-reload -floop-unroll-and-jam -fpeel-loops -fpredictive-commoning -fsplit-loops -ftree-loop-distribution -ftree-loop-vectorize -ftree-partial-pre -ftree-slp-vectorize -funswitch-loops -fvect-cost-model -fvect-cost-model=dynamic -fversion-loops-for-strides ,0.00005800,3.44800,14952
linear-algebra/blas/gesummv/gesummv,-fgcse-after-reload -floop-unroll-and-jam -fpeel-loops -fpredictive-commoning -fsplit-paths -ftree-loop-distribution -ftree-loop-vectorize -ftree-partial-pre -ftree-slp-vectorize -funswitch-loops -fvect-cost-model -fvect-cost-model=dynamic -fversion-loops-for-strides ,0.00005700,0,14952
linear-algebra/blas/gesummv/gesummv,-fgcse-after-reload -floop-unroll-and-jam -fpeel-loops -fsplit-loops -fsplit-paths -ftree-loop-distribution -ftree-loop-vectorize -ftree-partial-pre -ftree-slp-vectorize -funswitch-loops -fvect-cost-model -fvect-cost-model=dynamic -fversion-loops-for-strides ,0.00005566,2.98200,14952
linear-algebra/blas/gesummv/gesummv,-fgcse-after-reload -floop-unroll-and-jam -fpredictive-commoning -fsplit-loops -fsplit-paths -ftree-loop-distribution -ftree-loop-vectorize -ftree-partial-pre -ftree-slp-vectorize -funswitch-loops -fvect-cost-model -fvect-cost-model=dynamic -fversion-loops-for-strides ,0.00005633,2.36100,14952
linear-algebra/blas/gesummv/gesummv,-fgcse-after-reload -fpeel-loops -fpredictive-commoning -fsplit-loops -fsplit-paths -ftree-loop-distribution -ftree-loop-vectorize -ftree-partial-pre -ftree-slp-vectorize -funswitch-loops -fvect-cost-model -fvect-cost-model=dynamic -fversion-loops-for-strides ,0.00005800,3.44800,14952
linear-algebra/blas/gesummv/gesummv,-fipa-cp-clone -floop-interchange -floop-unroll-and-jam -fpeel-loops -fpredictive-commoning -fsplit-loops -fsplit-paths -ftree-loop-distribution -ftree-loop-vectorize -ftree-partial-pre -ftree-slp-vectorize -funswitch-loops -fvect-cost-model ,0.00005766,1.14400,14952
linear-algebra/blas/gesummv/gesummv,-fipa-cp-clone -floop-interchange -floop-unroll-and-jam -fpeel-loops -fpredictive-commoning -fsplit-loops -fsplit-paths -ftree-loop-distribution -ftree-loop-vectorize -ftree-partial-pre -ftree-slp-vectorize -funswitch-loops -fvect-cost-model=dynamic ,0.00006066,4.38500,14952
linear-algebra/blas/gesummv/gesummv,-fipa-cp-clone -floop-interchange -floop-unroll-and-jam -fpeel-loops -fpredictive-commoning -fsplit-loops -fsplit-paths -ftree-loop-distribution -ftree-loop-vectorize -ftree-partial-pre -ftree-slp-vectorize -funswitch-loops -fversion-loops-for-strides ,0.00006000,3.33300,14952
linear-algebra/blas/gesummv/gesummv,-fipa-cp-clone -floop-interchange -floop-unroll-and-jam -fpeel-loops -fpredictive-commoning -fsplit-loops -fsplit-paths -ftree-loop-distribution -ftree-loop-vectorize -ftree-partial-pre -ftree-slp-vectorize -fvect-cost-model -fvect-cost-model=dynamic ,0.00005700,0,14952
linear-algebra/blas/gesummv/gesummv,-fipa-cp-clone -floop-interchange -floop-unroll-and-jam -fpeel-loops -fpredictive-commoning -fsplit-loops -fsplit-paths -ftree-loop-distribution -ftree-loop-vectorize -ftree-partial-pre -ftree-slp-vectorize -fvect-cost-model -fversion-loops-for-strides ,0.00005900,5,14952
linear-algebra/blas/gesummv/gesummv,-fipa-cp-clone -floop-interchange -floop-unroll-and-jam -fpeel-loops -fpredictive-commoning -fsplit-loops -fsplit-paths -ftree-loop-distribution -ftree-loop-vectorize -ftree-partial-pre -ftree-slp-vectorize -fvect-cost-model=dynamic -fversion-loops-for-strides ,0.00005866,5,14952
linear-algebra/blas/gesummv/gesummv,-fipa-cp-clone -floop-interchange -floop-unroll-and-jam -fpeel-loops -fpredictive-commoning -fsplit-loops -fsplit-paths -ftree-loop-distribution -ftree-loop-vectorize -ftree-partial-pre -funswitch-loops -fvect-cost-model -fvect-cost-model=dynamic ,0.00005800,3.44800,14952
linear-algebra/blas/gesummv/gesummv,-fipa-cp-clone -floop-interchange -floop-unroll-and-jam -fpeel-loops -fpredictive-commoning -fsplit-loops -fsplit-paths -ftree-loop-distribution -ftree-loop-vectorize -ftree-partial-pre -funswitch-loops -fvect-cost-model -fversion-loops-for-strides ,0.00005900,5,14952
linear-algebra/blas/gesummv/gesummv,-fipa-cp-clone -floop-interchange -floop-unroll-and-jam -fpeel-loops -fpredictive-commoning -fsplit-loops -fsplit-paths -ftree-loop-distribution -ftree-loop-vectorize -ftree-partial-pre -funswitch-loops -fvect-cost-model=dynamic -fversion-loops-for-strides ,0.00006200,5,14952
linear-algebra/blas/gesummv/gesummv,-fipa-cp-clone -floop-interchange -floop-unroll-and-jam -fpeel-loops -fpredictive-commoning -fsplit-loops -fsplit-paths -ftree-loop-distribution -ftree-loop-vectorize -ftree-partial-pre -fvect-cost-model -fvect-cost-model=dynamic -fversion-loops-for-strides ,0.00005800,1.72400,14952
linear-algebra/blas/gesummv/gesummv,-fipa-cp-clone -floop-interchange -floop-unroll-and-jam -fpeel-loops -fpredictive-commoning -fsplit-loops -fsplit-paths -ftree-loop-distribution -ftree-loop-vectorize -ftree-slp-vectorize -funswitch-loops -fvect-cost-model -fvect-cost-model=dynamic ,0.00006366,2.60700,14952
linear-algebra/blas/gesummv/gesummv,-fipa-cp-clone -floop-interchange -floop-unroll-and-jam -fpeel-loops -fpredictive-commoning -fsplit-loops -fsplit-paths -ftree-loop-distribution -ftree-loop-vectorize -ftree-slp-vectorize -funswitch-loops -fvect-cost-model -fversion-loops-for-strides ,0.00005933,1.12900,14952
linear-algebra/blas/gesummv/gesummv,-fipa-cp-clone -floop-interchange -floop-unroll-and-jam -fpeel-loops -fpredictive-commoning -fsplit-loops -fsplit-paths -ftree-loop-distribution -ftree-loop-vectorize -ftree-slp-vectorize -funswitch-loops -fvect-cost-model=dynamic -fversion-loops-for-strides ,0.00005966,1.10600,14952
linear-algebra/blas/gesummv/gesummv,-fipa-cp-clone -floop-interchange -floop-unroll-and-jam -fpeel-loops -fpredictive-commoning -fsplit-loops -fsplit-paths -ftree-loop-distribution -ftree-loop-vectorize -ftree-slp-vectorize -fvect-cost-model -fvect-cost-model=dynamic -fversion-loops-for-strides ,0.00005633,1.18900,14952
linear-algebra/blas/gesummv/gesummv,-fipa-cp-clone -floop-interchange -floop-unroll-and-jam -fpeel-loops -fpredictive-commoning -fsplit-loops -fsplit-paths -ftree-loop-distribution -ftree-loop-vectorize -funswitch-loops -fvect-cost-model -fvect-cost-model=dynamic -fversion-loops-for-strides ,0.00005666,1.16400,14952
linear-algebra/blas/gesummv/gesummv,-fipa-cp-clone -floop-interchange -floop-unroll-and-jam -fpeel-loops -fpredictive-commoning -fsplit-loops -fsplit-paths -ftree-loop-distribution -ftree-partial-pre -ftree-slp-vectorize -funswitch-loops -fvect-cost-model -fvect-cost-model=dynamic ,0.00005766,1.14400,14928
linear-algebra/blas/gesummv/gesummv,-fipa-cp-clone -floop-interchange -floop-unroll-and-jam -fpeel-loops -fpredictive-commoning -fsplit-loops -fsplit-paths -ftree-loop-distribution -ftree-partial-pre -ftree-slp-vectorize -funswitch-loops -fvect-cost-model -fversion-loops-for-strides ,0.00005566,1.18500,14928
linear-algebra/blas/gesummv/gesummv,-fipa-cp-clone -floop-interchange -floop-unroll-and-jam -fpeel-loops -fpredictive-commoning -fsplit-loops -fsplit-paths -ftree-loop-distribution -ftree-partial-pre -ftree-slp-vectorize -funswitch-loops -fvect-cost-model=dynamic -fversion-loops-for-strides ,0.00005700,1.75400,14928
linear-algebra/blas/gesummv/gesummv,-fipa-cp-clone -floop-interchange -floop-unroll-and-jam -fpeel-loops -fpredictive-commoning -fsplit-loops -fsplit-paths -ftree-loop-distribution -ftree-partial-pre -ftree-slp-vectorize -fvect-cost-model -fvect-cost-model=dynamic -fversion-loops-for-strides ,0.00005866,4.53400,14928
linear-algebra/blas/gesummv/gesummv,-fipa-cp-clone -floop-interchange -floop-unroll-and-jam -fpeel-loops -fpredictive-commoning -fsplit-loops -fsplit-paths -ftree-loop-distribution -ftree-partial-pre -funswitch-loops -fvect-cost-model -fvect-cost-model=dynamic -fversion-loops-for-strides ,0.00005766,2.87800,14928
linear-algebra/blas/gesummv/gesummv,-fipa-cp-clone -floop-interchange -floop-unroll-and-jam -fpeel-loops -fpredictive-commoning -fsplit-loops -fsplit-paths -ftree-loop-distribution -ftree-slp-vectorize -funswitch-loops -fvect-cost-model -fvect-cost-model=dynamic -fversion-loops-for-strides ,0.00005800,5,14928
linear-algebra/blas/gesummv/gesummv,-fipa-cp-clone -floop-interchange -floop-unroll-and-jam -fpeel-loops -fpredictive-commoning -fsplit-loops -fsplit-paths -ftree-loop-vectorize -ftree-partial-pre -ftree-slp-vectorize -funswitch-loops -fvect-cost-model -fvect-cost-model=dynamic ,0.00005766,5,14952
linear-algebra/blas/gesummv/gesummv,-fipa-cp-clone -floop-interchange -floop-unroll-and-jam -fpeel-loops -fpredictive-commoning -fsplit-loops -fsplit-paths -ftree-loop-vectorize -ftree-partial-pre -ftree-slp-vectorize -funswitch-loops -fvect-cost-model -fversion-loops-for-strides ,0.00005800,1.72400,14952
linear-algebra/blas/gesummv/gesummv,-fipa-cp-clone -floop-interchange -floop-unroll-and-jam -fpeel-loops -fpredictive-commoning -fsplit-loops -fsplit-paths -ftree-loop-vectorize -ftree-partial-pre -ftree-slp-vectorize -funswitch-loops -fvect-cost-model=dynamic -fversion-loops-for-strides ,0.00005900,3.38900,14952
linear-algebra/blas/gesummv/gesummv,-fipa-cp-clone -floop-interchange -floop-unroll-and-jam -fpeel-loops -fpredictive-commoning -fsplit-loops -fsplit-paths -ftree-loop-vectorize -ftree-partial-pre -ftree-slp-vectorize -fvect-cost-model -fvect-cost-model=dynamic -fversion-loops-for-strides ,0.00005833,2.86300,14952
linear-algebra/blas/gesummv/gesummv,-fipa-cp-clone -floop-interchange -floop-unroll-and-jam -fpeel-loops -fpredictive-commoning -fsplit-loops -fsplit-paths -ftree-loop-vectorize -ftree-partial-pre -funswitch-loops -fvect-cost-model -fvect-cost-model=dynamic -fversion-loops-for-strides ,0.00006166,1.07000,14952
linear-algebra/blas/gesummv/gesummv,-fipa-cp-clone -floop-interchange -floop-unroll-and-jam -fpeel-loops -fpredictive-commoning -fsplit-loops -fsplit-paths -ftree-loop-vectorize -ftree-slp-vectorize -funswitch-loops -fvect-cost-model -fvect-cost-model=dynamic -fversion-loops-for-strides ,0.00006500,5,14952
linear-algebra/blas/gesummv/gesummv,-fipa-cp-clone -floop-interchange -floop-unroll-and-jam -fpeel-loops -fpredictive-commoning -fsplit-loops -fsplit-paths -ftree-partial-pre -ftree-slp-vectorize -funswitch-loops -fvect-cost-model -fvect-cost-model=dynamic -fversion-loops-for-strides ,0.00006033,2.20400,14928
linear-algebra/blas/gesummv/gesummv,-fipa-cp-clone -floop-interchange -floop-unroll-and-jam -fpeel-loops -fpredictive-commoning -fsplit-loops -ftree-loop-distribution -ftree-loop-vectorize -ftree-partial-pre -ftree-slp-vectorize -funswitch-loops -fvect-cost-model -fvect-cost-model=dynamic ,0.00005866,2.82900,14952
linear-algebra/blas/gesummv/gesummv,-fipa-cp-clone -floop-interchange -floop-unroll-and-jam -fpeel-loops -fpredictive-commoning -fsplit-loops -ftree-loop-distribution -ftree-loop-vectorize -ftree-partial-pre -ftree-slp-vectorize -funswitch-loops -fvect-cost-model -fversion-loops-for-strides ,0.00005700,1.75400,14952
linear-algebra/blas/gesummv/gesummv,-fipa-cp-clone -floop-interchange -floop-unroll-and-jam -fpeel-loops -fpredictive-commoning -fsplit-loops -ftree-loop-distribution -ftree-loop-vectorize -ftree-partial-pre -ftree-slp-vectorize -funswitch-loops -fvect-cost-model=dynamic -fversion-loops-for-strides ,0.00005733,1.16800,14952
linear-algebra/blas/gesummv/gesummv,-fipa-cp-clone -floop-interchange -floop-unroll-and-jam -fpeel-loops -fpredictive-commoning -fsplit-loops -ftree-loop-distribution -ftree-loop-vectorize -ftree-partial-pre -ftree-slp-vectorize -fvect-cost-model -fvect-cost-model=dynamic -fversion-loops-for-strides ,0.00005666,1.16400,14952
linear-algebra/blas/gesummv/gesummv,-fipa-cp-clone -floop-interchange -floop-unroll-and-jam -fpeel-loops -fpredictive-commoning -fsplit-loops -ftree-loop-distribution -ftree-loop-vectorize -ftree-partial-pre -funswitch-loops -fvect-cost-model -fvect-cost-model=dynamic -fversion-loops-for-strides ,0.00005633,1.18900,14952
linear-algebra/blas/gesummv/gesummv,-fipa-cp-clone -floop-interchange -floop-unroll-and-jam -fpeel-loops -fpredictive-commoning -fsplit-loops -ftree-loop-distribution -ftree-loop-vectorize -ftree-slp-vectorize -funswitch-loops -fvect-cost-model -fvect-cost-model=dynamic -fversion-loops-for-strides ,0.00006500,5,14952
linear-algebra/blas/gesummv/gesummv,-fipa-cp-clone -floop-interchange -floop-unroll-and-jam -fpeel-loops -fpredictive-commoning -fsplit-loops -ftree-loop-distribution -ftree-partial-pre -ftree-slp-vectorize -funswitch-loops -fvect-cost-model -fvect-cost-model=dynamic -fversion-loops-for-strides ,0.00005633,1.18900,14928
linear-algebra/blas/gesummv/gesummv,-fipa-cp-clone -floop-interchange -floop-unroll-and-jam -fpeel-loops -fpredictive-commoning -fsplit-loops -ftree-loop-vectorize -ftree-partial-pre -ftree-slp-vectorize -funswitch-loops -fvect-cost-model -fvect-cost-model=dynamic -fversion-loops-for-strides ,0.00005866,2.82900,14952
linear-algebra/blas/gesummv/gesummv,-fipa-cp-clone -floop-interchange -floop-unroll-and-jam -fpeel-loops -fpredictive-commoning -fsplit-paths -ftree-loop-distribution -ftree-loop-vectorize -ftree-partial-pre -ftree-slp-vectorize -funswitch-loops -fvect-cost-model -fvect-cost-model=dynamic ,0.00005733,1.16800,14952
linear-algebra/blas/gesummv/gesummv,-fipa-cp-clone -floop-interchange -floop-unroll-and-jam -fpeel-loops -fpredictive-commoning -fsplit-paths -ftree-loop-distribution -ftree-loop-vectorize -ftree-partial-pre -ftree-slp-vectorize -funswitch-loops -fvect-cost-model -fversion-loops-for-strides ,0.00005800,1.72400,14952
linear-algebra/blas/gesummv/gesummv,-fipa-cp-clone -floop-interchange -floop-unroll-and-jam -fpeel-loops -fpredictive-commoning -fsplit-paths -ftree-loop-distribution -ftree-loop-vectorize -ftree-partial-pre -ftree-slp-vectorize -funswitch-loops -fvect-cost-model=dynamic -fversion-loops-for-strides ,0.00005700,3.50800,14952
linear-algebra/blas/gesummv/gesummv,-fipa-cp-clone -floop-interchange -floop-unroll-and-jam -fpeel-loops -fpredictive-commoning -fsplit-paths -ftree-loop-distribution -ftree-loop-vectorize -ftree-partial-pre -ftree-slp-vectorize -fvect-cost-model -fvect-cost-model=dynamic -fversion-loops-for-strides ,0.00005766,2.32300,14952
linear-algebra/blas/gesummv/gesummv,-fipa-cp-clone -floop-interchange -floop-unroll-and-jam -fpeel-loops -fpredictive-commoning -fsplit-paths -ftree-loop-distribution -ftree-loop-vectorize -ftree-partial-pre -funswitch-loops -fvect-cost-model -fvect-cost-model=dynamic -fversion-loops-for-strides ,0.00005600,1.78500,14952
linear-algebra/blas/gesummv/gesummv,-fipa-cp-clone -floop-interchange -floop-unroll-and-jam -fpeel-loops -fpredictive-commoning -fsplit-paths -ftree-loop-distribution -ftree-loop-vectorize -ftree-slp-vectorize -funswitch-loops -fvect-cost-model -fvect-cost-model=dynamic -fversion-loops-for-strides ,0.00005500,0,14952
linear-algebra/blas/gesummv/gesummv,-fipa-cp-clone -floop-interchange -floop-unroll-and-jam -fpeel-loops -fpredictive-commoning -fsplit-paths -ftree-loop-distribution -ftree-partial-pre -ftree-slp-vectorize -funswitch-loops -fvect-cost-model -fvect-cost-model=dynamic -fversion-loops-for-strides ,0.00005966,2.78200,14928
linear-algebra/blas/gesummv/gesummv,-fipa-cp-clone -floop-interchange -floop-unroll-and-jam -fpeel-loops -fpredictive-commoning -fsplit-paths -ftree-loop-vectorize -ftree-partial-pre -ftree-slp-vectorize -funswitch-loops -fvect-cost-model -fvect-cost-model=dynamic -fversion-loops-for-strides ,0.00005733,2.91200,14952
linear-algebra/blas/gesummv/gesummv,-fipa-cp-clone -floop-interchange -floop-unroll-and-jam -fpeel-loops -fpredictive-commoning -ftree-loop-distribution -ftree-loop-vectorize -ftree-partial-pre -ftree-slp-vectorize -funswitch-loops -fvect-cost-model -fvect-cost-model=dynamic -fversion-loops-for-strides ,0.00005933,3.92700,14952
linear-algebra/blas/gesummv/gesummv,-fipa-cp-clone -floop-interchange -floop-unroll-and-jam -fpeel-loops -fsplit-loops -fsplit-paths -ftree-loop-distribution -ftree-loop-vectorize -ftree-partial-pre -ftree-slp-vectorize -funswitch-loops -fvect-cost-model -fvect-cost-model=dynamic ,0.00005833,1.14800,14952
linear-algebra/blas/gesummv/gesummv,-fipa-cp-clone -floop-interchange -floop-unroll-and-jam -fpeel-loops -fsplit-loops -fsplit-paths -ftree-loop-distribution -ftree-loop-vectorize -ftree-partial-pre -ftree-slp-vectorize -funswitch-loops -fvect-cost-model -fversion-loops-for-strides ,0.00005933,2.81400,14952
linear-algebra/blas/gesummv/gesummv,-fipa-cp-clone -floop-interchange -floop-unroll-and-jam -fpeel-loops -fsplit-loops -fsplit-paths -ftree-loop-distribution -ftree-loop-vectorize -ftree-partial-pre -ftree-slp-vectorize -funswitch-loops -fvect-cost-model=dynamic -fversion-loops-for-strides ,0.00006400,5,14952
linear-algebra/blas/gesummv/gesummv,-fipa-cp-clone -floop-interchange -floop-unroll-and-jam -fpeel-loops -fsplit-loops -fsplit-paths -ftree-loop-distribution -ftree-loop-vectorize -ftree-partial-pre -ftree-slp-vectorize -fvect-cost-model -fvect-cost-model=dynamic -fversion-loops-for-strides ,0.00006033,1.11000,14952
linear-algebra/blas/gesummv/gesummv,-fipa-cp-clone -floop-interchange -floop-unroll-and-jam -fpeel-loops -fsplit-loops -fsplit-paths -ftree-loop-distribution -ftree-loop-vectorize -ftree-partial-pre -funswitch-loops -fvect-cost-model -fvect-cost-model=dynamic -fversion-loops-for-strides ,0.00005800,0,14952
linear-algebra/blas/gesummv/gesummv,-fipa-cp-clone -floop-interchange -floop-unroll-and-jam -fpeel-loops -fsplit-loops -fsplit-paths -ftree-loop-distribution -ftree-loop-vectorize -ftree-slp-vectorize -funswitch-loops -fvect-cost-model -fvect-cost-model=dynamic -fversion-loops-for-strides ,0.00005700,0,14952
linear-algebra/blas/gesummv/gesummv,-fipa-cp-clone -floop-interchange -floop-unroll-and-jam -fpeel-loops -fsplit-loops -fsplit-paths -ftree-loop-distribution -ftree-partial-pre -ftree-slp-vectorize -funswitch-loops -fvect-cost-model -fvect-cost-model=dynamic -fversion-loops-for-strides ,0.00005600,0,14928
linear-algebra/blas/gesummv/gesummv,-fipa-cp-clone -floop-interchange -floop-unroll-and-jam -fpeel-loops -fsplit-loops -fsplit-paths -ftree-loop-vectorize -ftree-partial-pre -ftree-slp-vectorize -funswitch-loops -fvect-cost-model -fvect-cost-model=dynamic -fversion-loops-for-strides ,0.00005700,0,14952
linear-algebra/blas/gesummv/gesummv,-fipa-cp-clone -floop-interchange -floop-unroll-and-jam -fpeel-loops -fsplit-loops -ftree-loop-distribution -ftree-loop-vectorize -ftree-partial-pre -ftree-slp-vectorize -funswitch-loops -fvect-cost-model -fvect-cost-model=dynamic -fversion-loops-for-strides ,0.00005600,0,14952
linear-algebra/blas/gesummv/gesummv,-fipa-cp-clone -floop-interchange -floop-unroll-and-jam -fpeel-loops -fsplit-paths -ftree-loop-distribution -ftree-loop-vectorize -ftree-partial-pre -ftree-slp-vectorize -funswitch-loops -fvect-cost-model -fvect-cost-model=dynamic -fversion-loops-for-strides ,0.00005800,3.44800,14952
linear-algebra/blas/gesummv/gesummv,-fipa-cp-clone -floop-interchange -floop-unroll-and-jam -fpredictive-commoning -fsplit-loops -fsplit-paths -ftree-loop-distribution -ftree-loop-vectorize -ftree-partial-pre -ftree-slp-vectorize -funswitch-loops -fvect-cost-model -fvect-cost-model=dynamic ,0.00005866,4.53400,14952
linear-algebra/blas/gesummv/gesummv,-fipa-cp-clone -floop-interchange -floop-unroll-and-jam -fpredictive-commoning -fsplit-loops -fsplit-paths -ftree-loop-distribution -ftree-loop-vectorize -ftree-partial-pre -ftree-slp-vectorize -funswitch-loops -fvect-cost-model -fversion-loops-for-strides ,0.00005700,1.75400,14952
linear-algebra/blas/gesummv/gesummv,-fipa-cp-clone -floop-interchange -floop-unroll-and-jam -fpredictive-commoning -fsplit-loops -fsplit-paths -ftree-loop-distribution -ftree-loop-vectorize -ftree-partial-pre -ftree-slp-vectorize -funswitch-loops -fvect-cost-model=dynamic -fversion-loops-for-strides ,0.00005633,1.18900,14952
linear-algebra/blas/gesummv/gesummv,-fipa-cp-clone -floop-interchange -floop-unroll-and-jam -fpredictive-commoning -fsplit-loops -fsplit-paths -ftree-loop-distribution -ftree-loop-vectorize -ftree-partial-pre -ftree-slp-vectorize -fvect-cost-model -fvect-cost-model=dynamic -fversion-loops-for-strides ,0.00006066,5,14952
linear-algebra/blas/gesummv/gesummv,-fipa-cp-clone -floop-interchange -floop-unroll-and-jam -fpredictive-commoning -fsplit-loops -fsplit-paths -ftree-loop-distribution -ftree-loop-vectorize -ftree-partial-pre -funswitch-loops -fvect-cost-model -fvect-cost-model=dynamic -fversion-loops-for-strides ,0.00005733,1.16800,14952
linear-algebra/blas/gesummv/gesummv,-fipa-cp-clone -floop-interchange -floop-unroll-and-jam -fpredictive-commoning -fsplit-loops -fsplit-paths -ftree-loop-distribution -ftree-loop-vectorize -ftree-slp-vectorize -funswitch-loops -fvect-cost-model -fvect-cost-model=dynamic -fversion-loops-for-strides ,0.00005933,2.81400,14952
linear-algebra/blas/gesummv/gesummv,-fipa-cp-clone -floop-interchange -floop-unroll-and-jam -fpredictive-commoning -fsplit-loops -fsplit-paths -ftree-loop-distribution -ftree-partial-pre -ftree-slp-vectorize -funswitch-loops -fvect-cost-model -fvect-cost-model=dynamic -fversion-loops-for-strides ,0.00005733,2.91200,14928
linear-algebra/blas/gesummv/gesummv,-fipa-cp-clone -floop-interchange -floop-unroll-and-jam -fpredictive-commoning -fsplit-loops -fsplit-paths -ftree-loop-vectorize -ftree-partial-pre -ftree-slp-vectorize -funswitch-loops -fvect-cost-model -fvect-cost-model=dynamic -fversion-loops-for-strides ,0.00006266,5,14952
linear-algebra/blas/gesummv/gesummv,-fipa-cp-clone -floop-interchange -floop-unroll-and-jam -fpredictive-commoning -fsplit-loops -ftree-loop-distribution -ftree-loop-vectorize -ftree-partial-pre -ftree-slp-vectorize -funswitch-loops -fvect-cost-model -fvect-cost-model=dynamic -fversion-loops-for-strides ,0.00005866,5,14952
linear-algebra/blas/gesummv/gesummv,-fipa-cp-clone -floop-interchange -floop-unroll-and-jam -fpredictive-commoning -fsplit-paths -ftree-loop-distribution -ftree-loop-vectorize -ftree-partial-pre -ftree-slp-vectorize -funswitch-loops -fvect-cost-model -fvect-cost-model=dynamic -fversion-loops-for-strides ,0.00005633,1.18900,14952
linear-algebra/blas/gesummv/gesummv,-fipa-cp-clone -floop-interchange -floop-unroll-and-jam -fsplit-loops -fsplit-paths -ftree-loop-distribution -ftree-loop-vectorize -ftree-partial-pre -ftree-slp-vectorize -funswitch-loops -fvect-cost-model -fvect-cost-model=dynamic -fversion-loops-for-strides ,0.00005766,2.87800,14952
linear-algebra/blas/gesummv/gesummv,-fipa-cp-clone -floop-interchange -fpeel-loops -fpredictive-commoning -fsplit-loops -fsplit-paths -ftree-loop-distribution -ftree-loop-vectorize -ftree-partial-pre -ftree-slp-vectorize -funswitch-loops -fvect-cost-model -fvect-cost-model=dynamic ,0.00005666,4.12900,14952
linear-algebra/blas/gesummv/gesummv,-fipa-cp-clone -floop-interchange -fpeel-loops -fpredictive-commoning -fsplit-loops -fsplit-paths -ftree-loop-distribution -ftree-loop-vectorize -ftree-partial-pre -ftree-slp-vectorize -funswitch-loops -fvect-cost-model -fversion-loops-for-strides ,0.00005533,1.21000,14952
linear-algebra/blas/gesummv/gesummv,-fipa-cp-clone -floop-interchange -fpeel-loops -fpredictive-commoning -fsplit-loops -fsplit-paths -ftree-loop-distribution -ftree-loop-vectorize -ftree-partial-pre -ftree-slp-vectorize -funswitch-loops -fvect-cost-model=dynamic -fversion-loops-for-strides ,0.00005833,2.86300,14952
linear-algebra/blas/gesummv/gesummv,-fipa-cp-clone -floop-interchange -fpeel-loops -fpredictive-commoning -fsplit-loops -fsplit-paths -ftree-loop-distribution -ftree-loop-vectorize -ftree-partial-pre -ftree-slp-vectorize -fvect-cost-model -fvect-cost-model=dynamic -fversion-loops-for-strides ,0.00005700,1.75400,14952
linear-algebra/blas/gesummv/gesummv,-fipa-cp-clone -floop-interchange -fpeel-loops -fpredictive-commoning -fsplit-loops -fsplit-paths -ftree-loop-distribution -ftree-loop-vectorize -ftree-partial-pre -funswitch-loops -fvect-cost-model -fvect-cost-model=dynamic -fversion-loops-for-strides ,0.00005933,3.92700,14952
linear-algebra/blas/gesummv/gesummv,-fipa-cp-clone -floop-interchange -fpeel-loops -fpredictive-commoning -fsplit-loops -fsplit-paths -ftree-loop-distribution -ftree-loop-vectorize -ftree-slp-vectorize -funswitch-loops -fvect-cost-model -fvect-cost-model=dynamic -fversion-loops-for-strides ,0.00005933,4.50000,14952
linear-algebra/blas/gesummv/gesummv,-fipa-cp-clone -floop-interchange -fpeel-loops -fpredictive-commoning -fsplit-loops -fsplit-paths -ftree-loop-distribution -ftree-partial-pre -ftree-slp-vectorize -funswitch-loops -fvect-cost-model -fvect-cost-model=dynamic -fversion-loops-for-strides ,0.00006233,5,14928
linear-algebra/blas/gesummv/gesummv,-fipa-cp-clone -floop-interchange -fpeel-loops -fpredictive-commoning -fsplit-loops -fsplit-paths -ftree-loop-vectorize -ftree-partial-pre -ftree-slp-vectorize -funswitch-loops -fvect-cost-model -fvect-cost-model=dynamic -fversion-loops-for-strides ,0.00006233,5,14952
linear-algebra/blas/gesummv/gesummv,-fipa-cp-clone -floop-interchange -fpeel-loops -fpredictive-commoning -fsplit-loops -ftree-loop-distribution -ftree-loop-vectorize -ftree-partial-pre -ftree-slp-vectorize -funswitch-loops -fvect-cost-model -fvect-cost-model=dynamic -fversion-loops-for-strides ,0.00005533,1.21000,14952
linear-algebra/blas/gesummv/gesummv,-fipa-cp-clone -floop-interchange -fpeel-loops -fpredictive-commoning -fsplit-paths -ftree-loop-distribution -ftree-loop-vectorize -ftree-partial-pre -ftree-slp-vectorize -funswitch-loops -fvect-cost-model -fvect-cost-model=dynamic -fversion-loops-for-strides ,0.00005733,1.16800,14952
linear-algebra/blas/gesummv/gesummv,-fipa-cp-clone -floop-interchange -fpeel-loops -fsplit-loops -fsplit-paths -ftree-loop-distribution -ftree-loop-vectorize -ftree-partial-pre -ftree-slp-vectorize -funswitch-loops -fvect-cost-model -fvect-cost-model=dynamic -fversion-loops-for-strides ,0.00005533,3.01800,14952
linear-algebra/blas/gesummv/gesummv,-fipa-cp-clone -floop-interchange -fpredictive-commoning -fsplit-loops -fsplit-paths -ftree-loop-distribution -ftree-loop-vectorize -ftree-partial-pre -ftree-slp-vectorize -funswitch-loops -fvect-cost-model -fvect-cost-model=dynamic -fversion-loops-for-strides ,0.00005600,0,14952
linear-algebra/blas/gesummv/gesummv,-fipa-cp-clone -floop-unroll-and-jam -fpeel-loops -fpredictive-commoning -fsplit-loops -fsplit-paths -ftree-loop-distribution -ftree-loop-vectorize -ftree-partial-pre -ftree-slp-vectorize -funswitch-loops -fvect-cost-model -fvect-cost-model=dynamic ,0.00005633,5,14952
linear-algebra/blas/gesummv/gesummv,-fipa-cp-clone -floop-unroll-and-jam -fpeel-loops -fpredictive-commoning -fsplit-loops -fsplit-paths -ftree-loop-distribution -ftree-loop-vectorize -ftree-partial-pre -ftree-slp-vectorize -funswitch-loops -fvect-cost-model -fversion-loops-for-strides ,0.00005633,1.18900,14952
linear-algebra/blas/gesummv/gesummv,-fipa-cp-clone -floop-unroll-and-jam -fpeel-loops -fpredictive-commoning -fsplit-loops -fsplit-paths -ftree-loop-distribution -ftree-loop-vectorize -ftree-partial-pre -ftree-slp-vectorize -funswitch-loops -fvect-cost-model=dynamic -fversion-loops-for-strides ,0.00005566,2.40700,14952
linear-algebra/blas/gesummv/gesummv,-fipa-cp-clone -floop-unroll-and-jam -fpeel-loops -fpredictive-commoning -fsplit-loops -fsplit-paths -ftree-loop-distribution -ftree-loop-vectorize -ftree-partial-pre -ftree-slp-vectorize -fvect-cost-model -fvect-cost-model=dynamic -fversion-loops-for-strides ,0.00005666,2.92900,14952
linear-algebra/blas/gesummv/gesummv,-fipa-cp-clone -floop-unroll-and-jam -fpeel-loops -fpredictive-commoning -fsplit-loops -fsplit-paths -ftree-loop-distribution -ftree-loop-vectorize -ftree-partial-pre -funswitch-loops -fvect-cost-model -fvect-cost-model=dynamic -fversion-loops-for-strides ,0.00005666,1.16400,14952
linear-algebra/blas/gesummv/gesummv,-fipa-cp-clone -floop-unroll-and-jam -fpeel-loops -fpredictive-commoning -fsplit-loops -fsplit-paths -ftree-loop-distribution -ftree-loop-vectorize -ftree-slp-vectorize -funswitch-loops -fvect-cost-model -fvect-cost-model=dynamic -fversion-loops-for-strides ,0.00005966,2.78200,14952
linear-algebra/blas/gesummv/gesummv,-fipa-cp-clone -floop-unroll-and-jam -fpeel-loops -fpredictive-commoning -fsplit-loops -fsplit-paths -ftree-loop-distribution -ftree-partial-pre -ftree-slp-vectorize -funswitch-loops -fvect-cost-model -fvect-cost-model=dynamic -fversion-loops-for-strides ,0.00005666,4.12900,14928
linear-algebra/blas/gesummv/gesummv,-fipa-cp-clone -floop-unroll-and-jam -fpeel-loops -fpredictive-commoning -fsplit-loops -fsplit-paths -ftree-loop-vectorize -ftree-partial-pre -ftree-slp-vectorize -funswitch-loops -fvect-cost-model -fvect-cost-model=dynamic -fversion-loops-for-strides ,0.00005733,2.91200,14952
linear-algebra/blas/gesummv/gesummv,-fipa-cp-clone -floop-unroll-and-jam -fpeel-loops -fpredictive-commoning -fsplit-loops -ftree-loop-distribution -ftree-loop-vectorize -ftree-partial-pre -ftree-slp-vectorize -funswitch-loops -fvect-cost-model -fvect-cost-model=dynamic -fversion-loops-for-strides ,0.00005733,1.16800,14952
linear-algebra/blas/gesummv/gesummv,-fipa-cp-clone -floop-unroll-and-jam -fpeel-loops -fpredictive-commoning -fsplit-paths -ftree-loop-distribution -ftree-loop-vectorize -ftree-partial-pre -ftree-slp-vectorize -funswitch-loops -fvect-cost-model -fvect-cost-model=dynamic -fversion-loops-for-strides ,0.00005900,5,14952
linear-algebra/blas/gesummv/gesummv,-fipa-cp-clone -floop-unroll-and-jam -fpeel-loops -fsplit-loops -fsplit-paths -ftree-loop-distribution -ftree-loop-vectorize -ftree-partial-pre -ftree-slp-vectorize -funswitch-loops -fvect-cost-model -fvect-cost-model=dynamic -fversion-loops-for-strides ,0.00005666,2.36400,14952
linear-algebra/blas/gesummv/gesummv,-fipa-cp-clone -floop-unroll-and-jam -fpredictive-commoning -fsplit-loops -fsplit-paths -ftree-loop-distribution -ftree-loop-vectorize -ftree-partial-pre -ftree-slp-vectorize -funswitch-loops -fvect-cost-model -fvect-cost-model=dynamic -fversion-loops-for-strides ,0.00005866,2.82900,14952
linear-algebra/blas/gesummv/gesummv,-fipa-cp-clone -fpeel-loops -fpredictive-commoning -fsplit-loops -fsplit-paths -ftree-loop-distribution -ftree-loop-vectorize -ftree-partial-pre -ftree-slp-vectorize -funswitch-loops -fvect-cost-model -fvect-cost-model=dynamic -fversion-loops-for-strides ,0.00005866,1.12500,14952
linear-algebra/blas/gesummv/gesummv,-floop-interchange -floop-unroll-and-jam -fpeel-loops -fpredictive-commoning -fsplit-loops -fsplit-paths -ftree-loop-distribution -ftree-loop-vectorize -ftree-partial-pre -ftree-slp-vectorize -funswitch-loops -fvect-cost-model -fvect-cost-model=dynamic ,0.00005800,1.72400,14952
linear-algebra/blas/gesummv/gesummv,-floop-interchange -floop-unroll-and-jam -fpeel-loops -fpredictive-commoning -fsplit-loops -fsplit-paths -ftree-loop-distribution -ftree-loop-vectorize -ftree-partial-pre -ftree-slp-vectorize -funswitch-loops -fvect-cost-model -fversion-loops-for-strides ,0.00005800,1.72400,14952
linear-algebra/blas/gesummv/gesummv,-floop-interchange -floop-unroll-and-jam -fpeel-loops -fpredictive-commoning -fsplit-loops -fsplit-paths -ftree-loop-distribution -ftree-loop-vectorize -ftree-partial-pre -ftree-slp-vectorize -funswitch-loops -fvect-cost-model=dynamic -fversion-loops-for-strides ,0.00005666,1.16400,14952
linear-algebra/blas/gesummv/gesummv,-floop-interchange -floop-unroll-and-jam -fpeel-loops -fpredictive-commoning -fsplit-loops -fsplit-paths -ftree-loop-distribution -ftree-loop-vectorize -ftree-partial-pre -ftree-slp-vectorize -fvect-cost-model -fvect-cost-model=dynamic -fversion-loops-for-strides ,0.00005800,5,14952
linear-algebra/blas/gesummv/gesummv,-floop-interchange -floop-unroll-and-jam -fpeel-loops -fpredictive-commoning -fsplit-loops -fsplit-paths -ftree-loop-distribution -ftree-loop-vectorize -ftree-partial-pre -funswitch-loops -fvect-cost-model -fvect-cost-model=dynamic -fversion-loops-for-strides ,0.00006300,5,14952
linear-algebra/blas/gesummv/gesummv,-floop-interchange -floop-unroll-and-jam -fpeel-loops -fpredictive-commoning -fsplit-loops -fsplit-paths -ftree-loop-distribution -ftree-loop-vectorize -ftree-slp-vectorize -funswitch-loops -fvect-cost-model -fvect-cost-model=dynamic -fversion-loops-for-strides ,0.00005800,3.44800,14952
linear-algebra/blas/gesummv/gesummv,-floop-interchange -floop-unroll-and-jam -fpeel-loops -fpredictive-commoning -fsplit-loops -fsplit-paths -ftree-loop-distribution -ftree-partial-pre -ftree-slp-vectorize -funswitch-loops -fvect-cost-model -fvect-cost-model=dynamic -fversion-loops-for-strides ,0.00005633,1.18900,14928
linear-algebra/blas/gesummv/gesummv,-floop-interchange -floop-unroll-and-jam -fpeel-loops -fpredictive-commoning -fsplit-loops -fsplit-paths -ftree-loop-vectorize -ftree-partial-pre -ftree-slp-vectorize -funswitch-loops -fvect-cost-model -fvect-cost-model=dynamic -fversion-loops-for-strides ,0.00005466,2.45100,14952
linear-algebra/blas/gesummv/gesummv,-floop-interchange -floop-unroll-and-jam -fpeel-loops -fpredictive-commoning -fsplit-loops -ftree-loop-distribution -ftree-loop-vectorize -ftree-partial-pre -ftree-slp-vectorize -funswitch-loops -fvect-cost-model -fvect-cost-model=dynamic -fversion-loops-for-strides ,0.00005633,4.13600,14952
linear-algebra/blas/gesummv/gesummv,-floop-interchange -floop-unroll-and-jam -fpeel-loops -fpredictive-commoning -fsplit-paths -ftree-loop-distribution -ftree-loop-vectorize -ftree-partial-pre -ftree-slp-vectorize -funswitch-loops -fvect-cost-model -fvect-cost-model=dynamic -fversion-loops-for-strides ,0.00005566,2.40700,14952
linear-algebra/blas/gesummv/gesummv,-floop-interchange -floop-unroll-and-jam -fpeel-loops -fsplit-loops -fsplit-paths -ftree-loop-distribution -ftree-loop-vectorize -ftree-partial-pre -ftree-slp-vectorize -funswitch-loops -fvect-cost-model -fvect-cost-model=dynamic -fversion-loops-for-strides ,0.00005700,3.50800,14952
linear-algebra/blas/gesummv/gesummv,-floop-interchange -floop-unroll-and-jam -fpredictive-commoning -fsplit-loops -fsplit-paths -ftree-loop-distribution -ftree-loop-vectorize -ftree-partial-pre -ftree-slp-vectorize -funswitch-loops -fvect-cost-model -fvect-cost-model=dynamic -fversion-loops-for-strides ,0.00005766,1.14400,14952
linear-algebra/blas/gesummv/gesummv,-floop-interchange -fpeel-loops -fpredictive-commoning -fsplit-loops -fsplit-paths -ftree-loop-distribution -ftree-loop-vectorize -ftree-partial-pre -ftree-slp-vectorize -funswitch-loops -fvect-cost-model -fvect-cost-model=dynamic -fversion-loops-for-strides ,0.00005766,2.87800,14952
linear-algebra/blas/gesummv/gesummv,-floop-unroll-and-jam -fpeel-loops -fpredictive-commoning -fsplit-loops -fsplit-paths -ftree-loop-distribution -ftree-loop-vectorize -ftree-partial-pre -ftree-slp-vectorize -funswitch-loops -fvect-cost-model -fvect-cost-model=dynamic -fversion-loops-for-strides ,0.00005733,1.16800,14952
linear-algebra/blas/gesummv/gesummv,-fgcse-after-reload -fipa-cp-clone -floop-interchange -floop-unroll-and-jam -fpeel-loops -fpredictive-commoning -fsplit-loops -fsplit-paths -ftree-loop-distribution -ftree-loop-vectorize -ftree-partial-pre -ftree-slp-vectorize -funswitch-loops -fvect-cost-model ,0.00005900,5,14952
linear-algebra/blas/gesummv/gesummv,-fgcse-after-reload -fipa-cp-clone -floop-interchange -floop-unroll-and-jam -fpeel-loops -fpredictive-commoning -fsplit-loops -fsplit-paths -ftree-loop-distribution -ftree-loop-vectorize -ftree-partial-pre -ftree-slp-vectorize -funswitch-loops -fvect-cost-model=dynamic ,0.00005700,0,14952
linear-algebra/blas/gesummv/gesummv,-fgcse-after-reload -fipa-cp-clone -floop-interchange -floop-unroll-and-jam -fpeel-loops -fpredictive-commoning -fsplit-loops -fsplit-paths -ftree-loop-distribution -ftree-loop-vectorize -ftree-partial-pre -ftree-slp-vectorize -funswitch-loops -fversion-loops-for-strides ,0.00005666,2.36400,14952
linear-algebra/blas/gesummv/gesummv,-fgcse-after-reload -fipa-cp-clone -floop-interchange -floop-unroll-and-jam -fpeel-loops -fpredictive-commoning -fsplit-loops -fsplit-paths -ftree-loop-distribution -ftree-loop-vectorize -ftree-partial-pre -ftree-slp-vectorize -fvect-cost-model -fvect-cost-model=dynamic ,0.00005833,3.99400,14952
linear-algebra/blas/gesummv/gesummv,-fgcse-after-reload -fipa-cp-clone -floop-interchange -floop-unroll-and-jam -fpeel-loops -fpredictive-commoning -fsplit-loops -fsplit-paths -ftree-loop-distribution -ftree-loop-vectorize -ftree-partial-pre -ftree-slp-vectorize -fvect-cost-model -fversion-loops-for-strides ,0.00005700,1.75400,14952
linear-algebra/blas/gesummv/gesummv,-fgcse-after-reload -fipa-cp-clone -floop-interchange -floop-unroll-and-jam -fpeel-loops -fpredictive-commoning -fsplit-loops -fsplit-paths -ftree-loop-distribution -ftree-loop-vectorize -ftree-partial-pre -ftree-slp-vectorize -fvect-cost-model=dynamic -fversion-loops-for-strides ,0.00006300,5,14952
linear-algebra/blas/gesummv/gesummv,-fgcse-after-reload -fipa-cp-clone -floop-interchange -floop-unroll-and-jam -fpeel-loops -fpredictive-commoning -fsplit-loops -fsplit-paths -ftree-loop-distribution -ftree-loop-vectorize -ftree-partial-pre -funswitch-loops -fvect-cost-model -fvect-cost-model=dynamic ,0.00005900,1.69400,14952
linear-algebra/blas/gesummv/gesummv,-fgcse-after-reload -fipa-cp-clone -floop-interchange -floop-unroll-and-jam -fpeel-loops -fpredictive-commoning -fsplit-loops -fsplit-paths -ftree-loop-distribution -ftree-loop-vectorize -ftree-partial-pre -funswitch-loops -fvect-cost-model -fversion-loops-for-strides ,0.00006033,2.76800,14952
linear-algebra/blas/gesummv/gesummv,-fgcse-after-reload -fipa-cp-clone -floop-interchange -floop-unroll-and-jam -fpeel-loops -fpredictive-commoning -fsplit-loops -fsplit-paths -ftree-loop-distribution -ftree-loop-vectorize -ftree-partial-pre -funswitch-loops -fvect-cost-model=dynamic -fversion-loops-for-strides ,0.00006200,4.83800,14952
linear-algebra/blas/gesummv/gesummv,-fgcse-after-reload -fipa-cp-clone -floop-interchange -floop-unroll-and-jam -fpeel-loops -fpredictive-commoning -fsplit-loops -fsplit-paths -ftree-loop-distribution -ftree-loop-vectorize -ftree-partial-pre -fvect-cost-model -fvect-cost-model=dynamic -fversion-loops-for-strides ,0.00005733,1.16800,14952
linear-algebra/blas/gesummv/gesummv,-fgcse-after-reload -fipa-cp-clone -floop-interchange -floop-unroll-and-jam -fpeel-loops -fpredictive-commoning -fsplit-loops -fsplit-paths -ftree-loop-distribution -ftree-loop-vectorize -ftree-slp-vectorize -funswitch-loops -fvect-cost-model -fvect-cost-model=dynamic ,0.00005633,1.18900,14952
linear-algebra/blas/gesummv/gesummv,-fgcse-after-reload -fipa-cp-clone -floop-interchange -floop-unroll-and-jam -fpeel-loops -fpredictive-commoning -fsplit-loops -fsplit-paths -ftree-loop-distribution -ftree-loop-vectorize -ftree-slp-vectorize -funswitch-loops -fvect-cost-model -fversion-loops-for-strides ,0.00005566,2.40700,14952
linear-algebra/blas/gesummv/gesummv,-fgcse-after-reload -fipa-cp-clone -floop-interchange -floop-unroll-and-jam -fpeel-loops -fpredictive-commoning -fsplit-loops -fsplit-paths -ftree-loop-distribution -ftree-loop-vectorize -ftree-slp-vectorize -funswitch-loops -fvect-cost-model=dynamic -fversion-loops-for-strides ,0.00005633,1.18900,14952
linear-algebra/blas/gesummv/gesummv,-fgcse-after-reload -fipa-cp-clone -floop-interchange -floop-unroll-and-jam -fpeel-loops -fpredictive-commoning -fsplit-loops -fsplit-paths -ftree-loop-distribution -ftree-loop-vectorize -ftree-slp-vectorize -fvect-cost-model -fvect-cost-model=dynamic -fversion-loops-for-strides ,0.00005833,5,14952
linear-algebra/blas/gesummv/gesummv,-fgcse-after-reload -fipa-cp-clone -floop-interchange -floop-unroll-and-jam -fpeel-loops -fpredictive-commoning -fsplit-loops -fsplit-paths -ftree-loop-distribution -ftree-loop-vectorize -funswitch-loops -fvect-cost-model -fvect-cost-model=dynamic -fversion-loops-for-strides ,0.00005766,2.87800,14952
linear-algebra/blas/gesummv/gesummv,-fgcse-after-reload -fipa-cp-clone -floop-interchange -floop-unroll-and-jam -fpeel-loops -fpredictive-commoning -fsplit-loops -fsplit-paths -ftree-loop-distribution -ftree-partial-pre -ftree-slp-vectorize -funswitch-loops -fvect-cost-model -fvect-cost-model=dynamic ,0.00005800,1.72400,14928
linear-algebra/blas/gesummv/gesummv,-fgcse-after-reload -fipa-cp-clone -floop-interchange -floop-unroll-and-jam -fpeel-loops -fpredictive-commoning -fsplit-loops -fsplit-paths -ftree-loop-distribution -ftree-partial-pre -ftree-slp-vectorize -funswitch-loops -fvect-cost-model -fversion-loops-for-strides ,0.00005700,1.75400,14928
linear-algebra/blas/gesummv/gesummv,-fgcse-after-reload -fipa-cp-clone -floop-interchange -floop-unroll-and-jam -fpeel-loops -fpredictive-commoning -fsplit-loops -fsplit-paths -ftree-loop-distribution -ftree-partial-pre -ftree-slp-vectorize -funswitch-loops -fvect-cost-model=dynamic -fversion-loops-for-strides ,0.00005566,2.40700,14928
linear-algebra/blas/gesummv/gesummv,-fgcse-after-reload -fipa-cp-clone -floop-interchange -floop-unroll-and-jam -fpeel-loops -fpredictive-commoning -fsplit-loops -fsplit-paths -ftree-loop-distribution -ftree-partial-pre -ftree-slp-vectorize -fvect-cost-model -fvect-cost-model=dynamic -fversion-loops-for-strides ,0.00005833,2.86300,14928
linear-algebra/blas/gesummv/gesummv,-fgcse-after-reload -fipa-cp-clone -floop-interchange -floop-unroll-and-jam -fpeel-loops -fpredictive-commoning -fsplit-loops -fsplit-paths -ftree-loop-distribution -ftree-partial-pre -funswitch-loops -fvect-cost-model -fvect-cost-model=dynamic -fversion-loops-for-strides ,0.00005866,5,14928
linear-algebra/blas/gesummv/gesummv,-fgcse-after-reload -fipa-cp-clone -floop-interchange -floop-unroll-and-jam -fpeel-loops -fpredictive-commoning -fsplit-loops -fsplit-paths -ftree-loop-distribution -ftree-slp-vectorize -funswitch-loops -fvect-cost-model -fvect-cost-model=dynamic -fversion-loops-for-strides ,0.00005633,1.18900,14928
linear-algebra/blas/gesummv/gesummv,-fgcse-after-reload -fipa-cp-clone -floop-interchange -floop-unroll-and-jam -fpeel-loops -fpredictive-commoning -fsplit-loops -fsplit-paths -ftree-loop-vectorize -ftree-partial-pre -ftree-slp-vectorize -funswitch-loops -fvect-cost-model -fvect-cost-model=dynamic ,0.00005866,2.82900,14952
linear-algebra/blas/gesummv/gesummv,-fgcse-after-reload -fipa-cp-clone -floop-interchange -floop-unroll-and-jam -fpeel-loops -fpredictive-commoning -fsplit-loops -fsplit-paths -ftree-loop-vectorize -ftree-partial-pre -ftree-slp-vectorize -funswitch-loops -fvect-cost-model -fversion-loops-for-strides ,0.00006166,5,14952
linear-algebra/blas/gesummv/gesummv,-fgcse-after-reload -fipa-cp-clone -floop-interchange -floop-unroll-and-jam -fpeel-loops -fpredictive-commoning -fsplit-loops -fsplit-paths -ftree-loop-vectorize -ftree-partial-pre -ftree-slp-vectorize -funswitch-loops -fvect-cost-model=dynamic -fversion-loops-for-strides ,0.00006466,4.11300,14952
linear-algebra/blas/gesummv/gesummv,-fgcse-after-reload -fipa-cp-clone -floop-interchange -floop-unroll-and-jam -fpeel-loops -fpredictive-commoning -fsplit-loops -fsplit-paths -ftree-loop-vectorize -ftree-partial-pre -ftree-slp-vectorize -fvect-cost-model -fvect-cost-model=dynamic -fversion-loops-for-strides ,0.00005700,1.75400,14952
linear-algebra/blas/gesummv/gesummv,-fgcse-after-reload -fipa-cp-clone -floop-interchange -floop-unroll-and-jam -fpeel-loops -fpredictive-commoning -fsplit-loops -fsplit-paths -ftree-loop-vectorize -ftree-partial-pre -funswitch-loops -fvect-cost-model -fvect-cost-model=dynamic -fversion-loops-for-strides ,0.00005800,5,14952
linear-algebra/blas/gesummv/gesummv,-fgcse-after-reload -fipa-cp-clone -floop-interchange -floop-unroll-and-jam -fpeel-loops -fpredictive-commoning -fsplit-loops -fsplit-paths -ftree-loop-vectorize -ftree-slp-vectorize -funswitch-loops -fvect-cost-model -fvect-cost-model=dynamic -fversion-loops-for-strides ,0.00005900,1.69400,14952
linear-algebra/blas/gesummv/gesummv,-fgcse-after-reload -fipa-cp-clone -floop-interchange -floop-unroll-and-jam -fpeel-loops -fpredictive-commoning -fsplit-loops -fsplit-paths -ftree-partial-pre -ftree-slp-vectorize -funswitch-loops -fvect-cost-model -fvect-cost-model=dynamic -fversion-loops-for-strides ,0.00005766,1.14400,14928
linear-algebra/blas/gesummv/gesummv,-fgcse-after-reload -fipa-cp-clone -floop-interchange -floop-unroll-and-jam -fpeel-loops -fpredictive-commoning -fsplit-loops -ftree-loop-distribution -ftree-loop-vectorize -ftree-partial-pre -ftree-slp-vectorize -funswitch-loops -fvect-cost-model -fvect-cost-model=dynamic ,0.00005666,1.16400,14952
linear-algebra/blas/gesummv/gesummv,-fgcse-after-reload -fipa-cp-clone -floop-interchange -floop-unroll-and-jam -fpeel-loops -fpredictive-commoning -fsplit-loops -ftree-loop-distribution -ftree-loop-vectorize -ftree-partial-pre -ftree-slp-vectorize -funswitch-loops -fvect-cost-model -fversion-loops-for-strides ,0.00005700,5,14952
linear-algebra/blas/gesummv/gesummv,-fgcse-after-reload -fipa-cp-clone -floop-interchange -floop-unroll-and-jam -fpeel-loops -fpredictive-commoning -fsplit-loops -ftree-loop-distribution -ftree-loop-vectorize -ftree-partial-pre -ftree-slp-vectorize -funswitch-loops -fvect-cost-model=dynamic -fversion-loops-for-strides ,0.00005533,1.21000,14952
linear-algebra/blas/gesummv/gesummv,-fgcse-after-reload -fipa-cp-clone -floop-interchange -floop-unroll-and-jam -fpeel-loops -fpredictive-commoning -fsplit-loops -ftree-loop-distribution -ftree-loop-vectorize -ftree-partial-pre -ftree-slp-vectorize -fvect-cost-model -fvect-cost-model=dynamic -fversion-loops-for-strides ,0.00006433,5,14952
linear-algebra/blas/gesummv/gesummv,-fgcse-after-reload -fipa-cp-clone -floop-interchange -floop-unroll-and-jam -fpeel-loops -fpredictive-commoning -fsplit-loops -ftree-loop-distribution -ftree-loop-vectorize -ftree-partial-pre -funswitch-loops -fvect-cost-model -fvect-cost-model=dynamic -fversion-loops-for-strides ,0.00005666,2.36400,14952
linear-algebra/blas/gesummv/gesummv,-fgcse-after-reload -fipa-cp-clone -floop-interchange -floop-unroll-and-jam -fpeel-loops -fpredictive-commoning -fsplit-loops -ftree-loop-distribution -ftree-loop-vectorize -ftree-slp-vectorize -funswitch-loops -fvect-cost-model -fvect-cost-model=dynamic -fversion-loops-for-strides ,0.00006033,1.11000,14952
linear-algebra/blas/gesummv/gesummv,-fgcse-after-reload -fipa-cp-clone -floop-interchange -floop-unroll-and-jam -fpeel-loops -fpredictive-commoning -fsplit-loops -ftree-loop-distribution -ftree-partial-pre -ftree-slp-vectorize -funswitch-loops -fvect-cost-model -fvect-cost-model=dynamic -fversion-loops-for-strides ,0.00006033,5,14928
linear-algebra/blas/gesummv/gesummv,-fgcse-after-reload -fipa-cp-clone -floop-interchange -floop-unroll-and-jam -fpeel-loops -fpredictive-commoning -fsplit-loops -ftree-loop-vectorize -ftree-partial-pre -ftree-slp-vectorize -funswitch-loops -fvect-cost-model -fvect-cost-model=dynamic -fversion-loops-for-strides ,0.00005766,2.87800,14952
linear-algebra/blas/gesummv/gesummv,-fgcse-after-reload -fipa-cp-clone -floop-interchange -floop-unroll-and-jam -fpeel-loops -fpredictive-commoning -fsplit-paths -ftree-loop-distribution -ftree-loop-vectorize -ftree-partial-pre -ftree-slp-vectorize -funswitch-loops -fvect-cost-model -fvect-cost-model=dynamic ,0.00005866,2.82900,14952
linear-algebra/blas/gesummv/gesummv,-fgcse-after-reload -fipa-cp-clone -floop-interchange -floop-unroll-and-jam -fpeel-loops -fpredictive-commoning -fsplit-paths -ftree-loop-distribution -ftree-loop-vectorize -ftree-partial-pre -ftree-slp-vectorize -funswitch-loops -fvect-cost-model -fversion-loops-for-strides ,0.00005833,2.28000,14952
linear-algebra/blas/gesummv/gesummv,-fgcse-after-reload -fipa-cp-clone -floop-interchange -floop-unroll-and-jam -fpeel-loops -fpredictive-commoning -fsplit-paths -ftree-loop-distribution -ftree-loop-vectorize -ftree-partial-pre -ftree-slp-vectorize -funswitch-loops -fvect-cost-model=dynamic -fversion-loops-for-strides ,0.00005600,3.57100,14952
linear-algebra/blas/gesummv/gesummv,-fgcse-after-reload -fipa-cp-clone -floop-interchange -floop-unroll-and-jam -fpeel-loops -fpredictive-commoning -fsplit-paths -ftree-loop-distribution -ftree-loop-vectorize -ftree-partial-pre -ftree-slp-vectorize -fvect-cost-model -fvect-cost-model=dynamic -fversion-loops-for-strides ,0.00006000,1.66600,14952
linear-algebra/blas/gesummv/gesummv,-fgcse-after-reload -fipa-cp-clone -floop-interchange -floop-unroll-and-jam -fpeel-loops -fpredictive-commoning -fsplit-paths -ftree-loop-distribution -ftree-loop-vectorize -ftree-partial-pre -funswitch-loops -fvect-cost-model -fvect-cost-model=dynamic -fversion-loops-for-strides ,0.00005933,2.24100,14952
linear-algebra/blas/gesummv/gesummv,-fgcse-after-reload -fipa-cp-clone -floop-interchange -floop-unroll-and-jam -fpeel-loops -fpredictive-commoning -fsplit-paths -ftree-loop-distribution -ftree-loop-vectorize -ftree-slp-vectorize -funswitch-loops -fvect-cost-model -fvect-cost-model=dynamic -fversion-loops-for-strides ,0.00006300,5,14952
linear-algebra/blas/gesummv/gesummv,-fgcse-after-reload -fipa-cp-clone -floop-interchange -floop-unroll-and-jam -fpeel-loops -fpredictive-commoning -fsplit-paths -ftree-loop-distribution -ftree-partial-pre -ftree-slp-vectorize -funswitch-loops -fvect-cost-model -fvect-cost-model=dynamic -fversion-loops-for-strides ,0.00006033,2.76800,14928
linear-algebra/blas/gesummv/gesummv,-fgcse-after-reload -fipa-cp-clone -floop-interchange -floop-unroll-and-jam -fpeel-loops -fpredictive-commoning -fsplit-paths -ftree-loop-vectorize -ftree-partial-pre -ftree-slp-vectorize -funswitch-loops -fvect-cost-model -fvect-cost-model=dynamic -fversion-loops-for-strides ,0.00005800,3.44800,14952
linear-algebra/blas/gesummv/gesummv,-fgcse-after-reload -fipa-cp-clone -floop-interchange -floop-unroll-and-jam -fpeel-loops -fpredictive-commoning -ftree-loop-distribution -ftree-loop-vectorize -ftree-partial-pre -ftree-slp-vectorize -funswitch-loops -fvect-cost-model -fvect-cost-model=dynamic -fversion-loops-for-strides ,0.00005700,1.75400,14952
linear-algebra/blas/gesummv/gesummv,-fgcse-after-reload -fipa-cp-clone -floop-interchange -floop-unroll-and-jam -fpeel-loops -fsplit-loops -fsplit-paths -ftree-loop-distribution -ftree-loop-vectorize -ftree-partial-pre -ftree-slp-vectorize -funswitch-loops -fvect-cost-model -fvect-cost-model=dynamic ,0.00005666,2.36400,14952
linear-algebra/blas/gesummv/gesummv,-fgcse-after-reload -fipa-cp-clone -floop-interchange -floop-unroll-and-jam -fpeel-loops -fsplit-loops -fsplit-paths -ftree-loop-distribution -ftree-loop-vectorize -ftree-partial-pre -ftree-slp-vectorize -funswitch-loops -fvect-cost-model -fversion-loops-for-strides ,0.00005700,0,14952
linear-algebra/blas/gesummv/gesummv,-fgcse-after-reload -fipa-cp-clone -floop-interchange -floop-unroll-and-jam -fpeel-loops -fsplit-loops -fsplit-paths -ftree-loop-distribution -ftree-loop-vectorize -ftree-partial-pre -ftree-slp-vectorize -funswitch-loops -fvect-cost-model=dynamic -fversion-loops-for-strides ,0.00005900,3.38900,14952
linear-algebra/blas/gesummv/gesummv,-fgcse-after-reload -fipa-cp-clone -floop-interchange -floop-unroll-and-jam -fpeel-loops -fsplit-loops -fsplit-paths -ftree-loop-distribution -ftree-loop-vectorize -ftree-partial-pre -ftree-slp-vectorize -fvect-cost-model -fvect-cost-model=dynamic -fversion-loops-for-strides ,0.00006233,2.67900,14952
linear-algebra/blas/gesummv/gesummv,-fgcse-after-reload -fipa-cp-clone -floop-interchange -floop-unroll-and-jam -fpeel-loops -fsplit-loops -fsplit-paths -ftree-loop-distribution -ftree-loop-vectorize -ftree-partial-pre -funswitch-loops -fvect-cost-model -fvect-cost-model=dynamic -fversion-loops-for-strides ,0.00006000,3.33300,14952
linear-algebra/blas/gesummv/gesummv,-fgcse-after-reload -fipa-cp-clone -floop-interchange -floop-unroll-and-jam -fpeel-loops -fsplit-loops -fsplit-paths -ftree-loop-distribution -ftree-loop-vectorize -ftree-slp-vectorize -funswitch-loops -fvect-cost-model -fvect-cost-model=dynamic -fversion-loops-for-strides ,0.00005800,0,14952
linear-algebra/blas/gesummv/gesummv,-fgcse-after-reload -fipa-cp-clone -floop-interchange -floop-unroll-and-jam -fpeel-loops -fsplit-loops -fsplit-paths -ftree-loop-distribution -ftree-partial-pre -ftree-slp-vectorize -funswitch-loops -fvect-cost-model -fvect-cost-model=dynamic -fversion-loops-for-strides ,0.00005933,5,14928
linear-algebra/blas/gesummv/gesummv,-fgcse-after-reload -fipa-cp-clone -floop-interchange -floop-unroll-and-jam -fpeel-loops -fsplit-loops -fsplit-paths -ftree-loop-vectorize -ftree-partial-pre -ftree-slp-vectorize -funswitch-loops -fvect-cost-model -fvect-cost-model=dynamic -fversion-loops-for-strides ,0.00005700,3.50800,14952
linear-algebra/blas/gesummv/gesummv,-fgcse-after-reload -fipa-cp-clone -floop-interchange -floop-unroll-and-jam -fpeel-loops -fsplit-loops -ftree-loop-distribution -ftree-loop-vectorize -ftree-partial-pre -ftree-slp-vectorize -funswitch-loops -fvect-cost-model -fvect-cost-model=dynamic -fversion-loops-for-strides ,0.00005666,1.16400,14952
linear-algebra/blas/gesummv/gesummv,-fgcse-after-reload -fipa-cp-clone -floop-interchange -floop-unroll-and-jam -fpeel-loops -fsplit-paths -ftree-loop-distribution -ftree-loop-vectorize -ftree-partial-pre -ftree-slp-vectorize -funswitch-loops -fvect-cost-model -fvect-cost-model=dynamic -fversion-loops-for-strides ,0.00005866,1.12500,14952
linear-algebra/blas/gesummv/gesummv,-fgcse-after-reload -fipa-cp-clone -floop-interchange -floop-unroll-and-jam -fpredictive-commoning -fsplit-loops -fsplit-paths -ftree-loop-distribution -ftree-loop-vectorize -ftree-partial-pre -ftree-slp-vectorize -funswitch-loops -fvect-cost-model -fvect-cost-model=dynamic ,0.00006066,3.85700,14952
linear-algebra/blas/gesummv/gesummv,-fgcse-after-reload -fipa-cp-clone -floop-interchange -floop-unroll-and-jam -fpredictive-commoning -fsplit-loops -fsplit-paths -ftree-loop-distribution -ftree-loop-vectorize -ftree-partial-pre -ftree-slp-vectorize -funswitch-loops -fvect-cost-model -fversion-loops-for-strides ,0.00006566,2.52800,14952
linear-algebra/blas/gesummv/gesummv,-fgcse-after-reload -fipa-cp-clone -floop-interchange -floop-unroll-and-jam -fpredictive-commoning -fsplit-loops -fsplit-paths -ftree-loop-distribution -ftree-loop-vectorize -ftree-partial-pre -ftree-slp-vectorize -funswitch-loops -fvect-cost-model=dynamic -fversion-loops-for-strides ,0.00006200,4.83800,14952
linear-algebra/blas/gesummv/gesummv,-fgcse-after-reload -fipa-cp-clone -floop-interchange -floop-unroll-and-jam -fpredictive-commoning -fsplit-loops -fsplit-paths -ftree-loop-distribution -ftree-loop-vectorize -ftree-partial-pre -ftree-slp-vectorize -fvect-cost-model -fvect-cost-model=dynamic -fversion-loops-for-strides ,0.00005933,4.50000,14952
linear-algebra/blas/gesummv/gesummv,-fgcse-after-reload -fipa-cp-clone -floop-interchange -floop-unroll-and-jam -fpredictive-commoning -fsplit-loops -fsplit-paths -ftree-loop-distribution -ftree-loop-vectorize -ftree-partial-pre -funswitch-loops -fvect-cost-model -fvect-cost-model=dynamic -fversion-loops-for-strides ,0.00005566,1.18500,14952
linear-algebra/blas/gesummv/gesummv,-fgcse-after-reload -fipa-cp-clone -floop-interchange -floop-unroll-and-jam -fpredictive-commoning -fsplit-loops -fsplit-paths -ftree-loop-distribution -ftree-loop-vectorize -ftree-slp-vectorize -funswitch-loops -fvect-cost-model -fvect-cost-model=dynamic -fversion-loops-for-strides ,0.00005566,2.40700,14952
linear-algebra/blas/gesummv/gesummv,-fgcse-after-reload -fipa-cp-clone -floop-interchange -floop-unroll-and-jam -fpredictive-commoning -fsplit-loops -fsplit-paths -ftree-loop-distribution -ftree-partial-pre -ftree-slp-vectorize -funswitch-loops -fvect-cost-model -fvect-cost-model=dynamic -fversion-loops-for-strides ,0.00005566,1.18500,14928
linear-algebra/blas/gesummv/gesummv,-fgcse-after-reload -fipa-cp-clone -floop-interchange -floop-unroll-and-jam -fpredictive-commoning -fsplit-loops -fsplit-paths -ftree-loop-vectorize -ftree-partial-pre -ftree-slp-vectorize -funswitch-loops -fvect-cost-model -fvect-cost-model=dynamic -fversion-loops-for-strides ,0.00005600,0,14952
linear-algebra/blas/gesummv/gesummv,-fgcse-after-reload -fipa-cp-clone -floop-interchange -floop-unroll-and-jam -fpredictive-commoning -fsplit-loops -ftree-loop-distribution -ftree-loop-vectorize -ftree-partial-pre -ftree-slp-vectorize -funswitch-loops -fvect-cost-model -fvect-cost-model=dynamic -fversion-loops-for-strides ,0.00005800,1.72400,14952
linear-algebra/blas/gesummv/gesummv,-fgcse-after-reload -fipa-cp-clone -floop-interchange -floop-unroll-and-jam -fpredictive-commoning -fsplit-paths -ftree-loop-distribution -ftree-loop-vectorize -ftree-partial-pre -ftree-slp-vectorize -funswitch-loops -fvect-cost-model -fvect-cost-model=dynamic -fversion-loops-for-strides ,0.00005933,5,14952
linear-algebra/blas/gesummv/gesummv,-fgcse-after-reload -fipa-cp-clone -floop-interchange -floop-unroll-and-jam -fsplit-loops -fsplit-paths -ftree-loop-distribution -ftree-loop-vectorize -ftree-partial-pre -ftree-slp-vectorize -funswitch-loops -fvect-cost-model -fvect-cost-model=dynamic -fversion-loops-for-strides ,0.00005700,1.75400,14952
linear-algebra/blas/gesummv/gesummv,-fgcse-after-reload -fipa-cp-clone -floop-interchange -fpeel-loops -fpredictive-commoning -fsplit-loops -fsplit-paths -ftree-loop-distribution -ftree-loop-vectorize -ftree-partial-pre -ftree-slp-vectorize -funswitch-loops -fvect-cost-model -fvect-cost-model=dynamic ,0.00006100,3.27800,14952
linear-algebra/blas/gesummv/gesummv,-fgcse-after-reload -fipa-cp-clone -floop-interchange -fpeel-loops -fpredictive-commoning -fsplit-loops -fsplit-paths -ftree-loop-distribution -ftree-loop-vectorize -ftree-partial-pre -ftree-slp-vectorize -funswitch-loops -fvect-cost-model -fversion-loops-for-strides ,0.00005733,2.91200,14952
linear-algebra/blas/gesummv/gesummv,-fgcse-after-reload -fipa-cp-clone -floop-interchange -fpeel-loops -fpredictive-commoning -fsplit-loops -fsplit-paths -ftree-loop-distribution -ftree-loop-vectorize -ftree-partial-pre -ftree-slp-vectorize -funswitch-loops -fvect-cost-model=dynamic -fversion-loops-for-strides ,0.00005900,5,14952
linear-algebra/blas/gesummv/gesummv,-fgcse-after-reload -fipa-cp-clone -floop-interchange -fpeel-loops -fpredictive-commoning -fsplit-loops -fsplit-paths -ftree-loop-distribution -ftree-loop-vectorize -ftree-partial-pre -ftree-slp-vectorize -fvect-cost-model -fvect-cost-model=dynamic -fversion-loops-for-strides ,0.00006033,2.20400,14952
linear-algebra/blas/gesummv/gesummv,-fgcse-after-reload -fipa-cp-clone -floop-interchange -fpeel-loops -fpredictive-commoning -fsplit-loops -fsplit-paths -ftree-loop-distribution -ftree-loop-vectorize -ftree-partial-pre -funswitch-loops -fvect-cost-model -fvect-cost-model=dynamic -fversion-loops-for-strides ,0.00006133,5,14952
linear-algebra/blas/gesummv/gesummv,-fgcse-after-reload -fipa-cp-clone -floop-interchange -fpeel-loops -fpredictive-commoning -fsplit-loops -fsplit-paths -ftree-loop-distribution -ftree-loop-vectorize -ftree-slp-vectorize -funswitch-loops -fvect-cost-model -fvect-cost-model=dynamic -fversion-loops-for-strides ,0.00006400,4.68700,14952
linear-algebra/blas/gesummv/gesummv,-fgcse-after-reload -fipa-cp-clone -floop-interchange -fpeel-loops -fpredictive-commoning -fsplit-loops -fsplit-paths -ftree-loop-distribution -ftree-partial-pre -ftree-slp-vectorize -funswitch-loops -fvect-cost-model -fvect-cost-model=dynamic -fversion-loops-for-strides ,0.00006633,1.01000,14928
linear-algebra/blas/gesummv/gesummv,-fgcse-after-reload -fipa-cp-clone -floop-interchange -fpeel-loops -fpredictive-commoning -fsplit-loops -fsplit-paths -ftree-loop-vectorize -ftree-partial-pre -ftree-slp-vectorize -funswitch-loops -fvect-cost-model -fvect-cost-model=dynamic -fversion-loops-for-strides ,0.00005633,4.13600,14952
linear-algebra/blas/gesummv/gesummv,-fgcse-after-reload -fipa-cp-clone -floop-interchange -fpeel-loops -fpredictive-commoning -fsplit-loops -ftree-loop-distribution -ftree-loop-vectorize -ftree-partial-pre -ftree-slp-vectorize -funswitch-loops -fvect-cost-model -fvect-cost-model=dynamic -fversion-loops-for-strides ,0.00005633,2.96400,14952
linear-algebra/blas/gesummv/gesummv,-fgcse-after-reload -fipa-cp-clone -floop-interchange -fpeel-loops -fpredictive-commoning -fsplit-paths -ftree-loop-distribution -ftree-loop-vectorize -ftree-partial-pre -ftree-slp-vectorize -funswitch-loops -fvect-cost-model -fvect-cost-model=dynamic -fversion-loops-for-strides ,0.00005766,2.87800,14952
linear-algebra/blas/gesummv/gesummv,-fgcse-after-reload -fipa-cp-clone -floop-interchange -fpeel-loops -fsplit-loops -fsplit-paths -ftree-loop-distribution -ftree-loop-vectorize -ftree-partial-pre -ftree-slp-vectorize -funswitch-loops -fvect-cost-model -fvect-cost-model=dynamic -fversion-loops-for-strides ,0.00005533,3.01800,14952
linear-algebra/blas/gesummv/gesummv,-fgcse-after-reload -fipa-cp-clone -floop-interchange -fpredictive-commoning -fsplit-loops -fsplit-paths -ftree-loop-distribution -ftree-loop-vectorize -ftree-partial-pre -ftree-slp-vectorize -funswitch-loops -fvect-cost-model -fvect-cost-model=dynamic -fversion-loops-for-strides ,0.00005533,1.21000,14952
linear-algebra/blas/gesummv/gesummv,-fgcse-after-reload -fipa-cp-clone -floop-unroll-and-jam -fpeel-loops -fpredictive-commoning -fsplit-loops -fsplit-paths -ftree-loop-distribution -ftree-loop-vectorize -ftree-partial-pre -ftree-slp-vectorize -funswitch-loops -fvect-cost-model -fvect-cost-model=dynamic ,0.00005500,0,14952
linear-algebra/blas/gesummv/gesummv,-fgcse-after-reload -fipa-cp-clone -floop-unroll-and-jam -fpeel-loops -fpredictive-commoning -fsplit-loops -fsplit-paths -ftree-loop-distribution -ftree-loop-vectorize -ftree-partial-pre -ftree-slp-vectorize -funswitch-loops -fvect-cost-model -fversion-loops-for-strides ,0.00005633,2.96400,14952
linear-algebra/blas/gesummv/gesummv,-fgcse-after-reload -fipa-cp-clone -floop-unroll-and-jam -fpeel-loops -fpredictive-commoning -fsplit-loops -fsplit-paths -ftree-loop-distribution -ftree-loop-vectorize -ftree-partial-pre -ftree-slp-vectorize -funswitch-loops -fvect-cost-model=dynamic -fversion-loops-for-strides ,0.00005666,2.92900,14952
linear-algebra/blas/gesummv/gesummv,-fgcse-after-reload -fipa-cp-clone -floop-unroll-and-jam -fpeel-loops -fpredictive-commoning -fsplit-loops -fsplit-paths -ftree-loop-distribution -ftree-loop-vectorize -ftree-partial-pre -ftree-slp-vectorize -fvect-cost-model -fvect-cost-model=dynamic -fversion-loops-for-strides ,0.00005600,1.78500,14952
linear-algebra/blas/gesummv/gesummv,-fgcse-after-reload -fipa-cp-clone -floop-unroll-and-jam -fpeel-loops -fpredictive-commoning -fsplit-loops -fsplit-paths -ftree-loop-distribution -ftree-loop-vectorize -ftree-partial-pre -funswitch-loops -fvect-cost-model -fvect-cost-model=dynamic -fversion-loops-for-strides ,0.00005766,2.32300,14952
linear-algebra/blas/gesummv/gesummv,-fgcse-after-reload -fipa-cp-clone -floop-unroll-and-jam -fpeel-loops -fpredictive-commoning -fsplit-loops -fsplit-paths -ftree-loop-distribution -ftree-loop-vectorize -ftree-slp-vectorize -funswitch-loops -fvect-cost-model -fvect-cost-model=dynamic -fversion-loops-for-strides ,0.00005733,2.91200,14952
linear-algebra/blas/gesummv/gesummv,-fgcse-after-reload -fipa-cp-clone -floop-unroll-and-jam -fpeel-loops -fpredictive-commoning -fsplit-loops -fsplit-paths -ftree-loop-distribution -ftree-partial-pre -ftree-slp-vectorize -funswitch-loops -fvect-cost-model -fvect-cost-model=dynamic -fversion-loops-for-strides ,0.00005733,4.06400,14928
linear-algebra/blas/gesummv/gesummv,-fgcse-after-reload -fipa-cp-clone -floop-unroll-and-jam -fpeel-loops -fpredictive-commoning -fsplit-loops -fsplit-paths -ftree-loop-vectorize -ftree-partial-pre -ftree-slp-vectorize -funswitch-loops -fvect-cost-model -fvect-cost-model=dynamic -fversion-loops-for-strides ,0.00005800,3.44800,14952
linear-algebra/blas/gesummv/gesummv,-fgcse-after-reload -fipa-cp-clone -floop-unroll-and-jam -fpeel-loops -fpredictive-commoning -fsplit-loops -ftree-loop-distribution -ftree-loop-vectorize -ftree-partial-pre -ftree-slp-vectorize -funswitch-loops -fvect-cost-model -fvect-cost-model=dynamic -fversion-loops-for-strides ,0.00005666,2.36400,14952
linear-algebra/blas/gesummv/gesummv,-fgcse-after-reload -fipa-cp-clone -floop-unroll-and-jam -fpeel-loops -fpredictive-commoning -fsplit-paths -ftree-loop-distribution -ftree-loop-vectorize -ftree-partial-pre -ftree-slp-vectorize -funswitch-loops -fvect-cost-model -fvect-cost-model=dynamic -fversion-loops-for-strides ,0.00005600,1.78500,14952
linear-algebra/blas/gesummv/gesummv,-fgcse-after-reload -fipa-cp-clone -floop-unroll-and-jam -fpeel-loops -fsplit-loops -fsplit-paths -ftree-loop-distribution -ftree-loop-vectorize -ftree-partial-pre -ftree-slp-vectorize -funswitch-loops -fvect-cost-model -fvect-cost-model=dynamic -fversion-loops-for-strides ,0.00005700,3.50800,14952
linear-algebra/blas/gesummv/gesummv,-fgcse-after-reload -fipa-cp-clone -floop-unroll-and-jam -fpredictive-commoning -fsplit-loops -fsplit-paths -ftree-loop-distribution -ftree-loop-vectorize -ftree-partial-pre -ftree-slp-vectorize -funswitch-loops -fvect-cost-model -fvect-cost-model=dynamic -fversion-loops-for-strides ,0.00005600,0,14952
linear-algebra/blas/gesummv/gesummv,-fgcse-after-reload -fipa-cp-clone -fpeel-loops -fpredictive-commoning -fsplit-loops -fsplit-paths -ftree-loop-distribution -ftree-loop-vectorize -ftree-partial-pre -ftree-slp-vectorize -funswitch-loops -fvect-cost-model -fvect-cost-model=dynamic -fversion-loops-for-strides ,0.00005900,0,14952
linear-algebra/blas/gesummv/gesummv,-fgcse-after-reload -floop-interchange -floop-unroll-and-jam -fpeel-loops -fpredictive-commoning -fsplit-loops -fsplit-paths -ftree-loop-distribution -ftree-loop-vectorize -ftree-partial-pre -ftree-slp-vectorize -funswitch-loops -fvect-cost-model -fvect-cost-model=dynamic ,0.00005700,0,14952
linear-algebra/blas/gesummv/gesummv,-fgcse-after-reload -floop-interchange -floop-unroll-and-jam -fpeel-loops -fpredictive-commoning -fsplit-loops -fsplit-paths -ftree-loop-distribution -ftree-loop-vectorize -ftree-partial-pre -ftree-slp-vectorize -funswitch-loops -fvect-cost-model -fversion-loops-for-strides ,0.00005600,0,14952
linear-algebra/blas/gesummv/gesummv,-fgcse-after-reload -floop-interchange -floop-unroll-and-jam -fpeel-loops -fpredictive-commoning -fsplit-loops -fsplit-paths -ftree-loop-distribution -ftree-loop-vectorize -ftree-partial-pre -ftree-slp-vectorize -funswitch-loops -fvect-cost-model=dynamic -fversion-loops-for-strides ,0.00005700,3.50800,14952
linear-algebra/blas/gesummv/gesummv,-fgcse-after-reload -floop-interchange -floop-unroll-and-jam -fpeel-loops -fpredictive-commoning -fsplit-loops -fsplit-paths -ftree-loop-distribution -ftree-loop-vectorize -ftree-partial-pre -ftree-slp-vectorize -fvect-cost-model -fvect-cost-model=dynamic -fversion-loops-for-strides ,0.00005533,3.01800,14952
linear-algebra/blas/gesummv/gesummv,-fgcse-after-reload -floop-interchange -floop-unroll-and-jam -fpeel-loops -fpredictive-commoning -fsplit-loops -fsplit-paths -ftree-loop-distribution -ftree-loop-vectorize -ftree-partial-pre -funswitch-loops -fvect-cost-model -fvect-cost-model=dynamic -fversion-loops-for-strides ,0.00005900,0,14952
linear-algebra/blas/gesummv/gesummv,-fgcse-after-reload -floop-interchange -floop-unroll-and-jam -fpeel-loops -fpredictive-commoning -fsplit-loops -fsplit-paths -ftree-loop-distribution -ftree-loop-vectorize -ftree-slp-vectorize -funswitch-loops -fvect-cost-model -fvect-cost-model=dynamic -fversion-loops-for-strides ,0.00005633,2.36100,14952
linear-algebra/blas/gesummv/gesummv,-fgcse-after-reload -floop-interchange -floop-unroll-and-jam -fpeel-loops -fpredictive-commoning -fsplit-loops -fsplit-paths -ftree-loop-distribution -ftree-partial-pre -ftree-slp-vectorize -funswitch-loops -fvect-cost-model -fvect-cost-model=dynamic -fversion-loops-for-strides ,0.00005500,1.81800,14928
linear-algebra/blas/gesummv/gesummv,-fgcse-after-reload -floop-interchange -floop-unroll-and-jam -fpeel-loops -fpredictive-commoning -fsplit-loops -fsplit-paths -ftree-loop-vectorize -ftree-partial-pre -ftree-slp-vectorize -funswitch-loops -fvect-cost-model -fvect-cost-model=dynamic -fversion-loops-for-strides ,0.00005566,1.18500,14952
linear-algebra/blas/gesummv/gesummv,-fgcse-after-reload -floop-interchange -floop-unroll-and-jam -fpeel-loops -fpredictive-commoning -fsplit-loops -ftree-loop-distribution -ftree-loop-vectorize -ftree-partial-pre -ftree-slp-vectorize -funswitch-loops -fvect-cost-model -fvect-cost-model=dynamic -fversion-loops-for-strides ,0.00005700,3.50800,14952
linear-algebra/blas/gesummv/gesummv,-fgcse-after-reload -floop-interchange -floop-unroll-and-jam -fpeel-loops -fpredictive-commoning -fsplit-paths -ftree-loop-distribution -ftree-loop-vectorize -ftree-partial-pre -ftree-slp-vectorize -funswitch-loops -fvect-cost-model -fvect-cost-model=dynamic -fversion-loops-for-strides ,0.00005933,5,14952
linear-algebra/blas/gesummv/gesummv,-fgcse-after-reload -floop-interchange -floop-unroll-and-jam -fpeel-loops -fsplit-loops -fsplit-paths -ftree-loop-distribution -ftree-loop-vectorize -ftree-partial-pre -ftree-slp-vectorize -funswitch-loops -fvect-cost-model -fvect-cost-model=dynamic -fversion-loops-for-strides ,0.00006166,2.17300,14952
linear-algebra/blas/gesummv/gesummv,-fgcse-after-reload -floop-interchange -floop-unroll-and-jam -fpredictive-commoning -fsplit-loops -fsplit-paths -ftree-loop-distribution -ftree-loop-vectorize -ftree-partial-pre -ftree-slp-vectorize -funswitch-loops -fvect-cost-model -fvect-cost-model=dynamic -fversion-loops-for-strides ,0.00005666,1.16400,14952
linear-algebra/blas/gesummv/gesummv,-fgcse-after-reload -floop-interchange -fpeel-loops -fpredictive-commoning -fsplit-loops -fsplit-paths -ftree-loop-distribution -ftree-loop-vectorize -ftree-partial-pre -ftree-slp-vectorize -funswitch-loops -fvect-cost-model -fvect-cost-model=dynamic -fversion-loops-for-strides ,0.00006200,5,14952
linear-algebra/blas/gesummv/gesummv,-fgcse-after-reload -floop-unroll-and-jam -fpeel-loops -fpredictive-commoning -fsplit-loops -fsplit-paths -ftree-loop-distribution -ftree-loop-vectorize -ftree-partial-pre -ftree-slp-vectorize -funswitch-loops -fvect-cost-model -fvect-cost-model=dynamic -fversion-loops-for-strides ,0.00005900,3.38900,14952
linear-algebra/blas/gesummv/gesummv,-fipa-cp-clone -floop-interchange -floop-unroll-and-jam -fpeel-loops -fpredictive-commoning -fsplit-loops -fsplit-paths -ftree-loop-distribution -ftree-loop-vectorize -ftree-partial-pre -ftree-slp-vectorize -funswitch-loops -fvect-cost-model -fvect-cost-model=dynamic ,0.00005833,2.86300,14952
linear-algebra/blas/gesummv/gesummv,-fipa-cp-clone -floop-interchange -floop-unroll-and-jam -fpeel-loops -fpredictive-commoning -fsplit-loops -fsplit-paths -ftree-loop-distribution -ftree-loop-vectorize -ftree-partial-pre -ftree-slp-vectorize -funswitch-loops -fvect-cost-model -fversion-loops-for-strides ,0.00006100,0,14952
linear-algebra/blas/gesummv/gesummv,-fipa-cp-clone -floop-interchange -floop-unroll-and-jam -fpeel-loops -fpredictive-commoning -fsplit-loops -fsplit-paths -ftree-loop-distribution -ftree-loop-vectorize -ftree-partial-pre -ftree-slp-vectorize -funswitch-loops -fvect-cost-model=dynamic -fversion-loops-for-strides ,0.00005733,1.16800,14952
linear-algebra/blas/gesummv/gesummv,-fipa-cp-clone -floop-interchange -floop-unroll-and-jam -fpeel-loops -fpredictive-commoning -fsplit-loops -fsplit-paths -ftree-loop-distribution -ftree-loop-vectorize -ftree-partial-pre -ftree-slp-vectorize -fvect-cost-model -fvect-cost-model=dynamic -fversion-loops-for-strides ,0.00006000,1.66600,14952
linear-algebra/blas/gesummv/gesummv,-fipa-cp-clone -floop-interchange -floop-unroll-and-jam -fpeel-loops -fpredictive-commoning -fsplit-loops -fsplit-paths -ftree-loop-distribution -ftree-loop-vectorize -ftree-partial-pre -funswitch-loops -fvect-cost-model -fvect-cost-model=dynamic -fversion-loops-for-strides ,0.00006200,3.22500,14952
linear-algebra/blas/gesummv/gesummv,-fipa-cp-clone -floop-interchange -floop-unroll-and-jam -fpeel-loops -fpredictive-commoning -fsplit-loops -fsplit-paths -ftree-loop-distribution -ftree-loop-vectorize -ftree-slp-vectorize -funswitch-loops -fvect-cost-model -fvect-cost-model=dynamic -fversion-loops-for-strides ,0.00005966,5,14952
linear-algebra/blas/gesummv/gesummv,-fipa-cp-clone -floop-interchange -floop-unroll-and-jam -fpeel-loops -fpredictive-commoning -fsplit-loops -fsplit-paths -ftree-loop-distribution -ftree-partial-pre -ftree-slp-vectorize -funswitch-loops -fvect-cost-model -fvect-cost-model=dynamic -fversion-loops-for-strides ,0.00005566,2.40700,14928
linear-algebra/blas/gesummv/gesummv,-fipa-cp-clone -floop-interchange -floop-unroll-and-jam -fpeel-loops -fpredictive-commoning -fsplit-loops -fsplit-paths -ftree-loop-vectorize -ftree-partial-pre -ftree-slp-vectorize -funswitch-loops -fvect-cost-model -fvect-cost-model=dynamic -fversion-loops-for-strides ,0.00005500,0,14952
linear-algebra/blas/gesummv/gesummv,-fipa-cp-clone -floop-interchange -floop-unroll-and-jam -fpeel-loops -fpredictive-commoning -fsplit-loops -ftree-loop-distribution -ftree-loop-vectorize -ftree-partial-pre -ftree-slp-vectorize -funswitch-loops -fvect-cost-model -fvect-cost-model=dynamic -fversion-loops-for-strides ,0.00005566,2.98200,14952
linear-algebra/blas/gesummv/gesummv,-fipa-cp-clone -floop-interchange -floop-unroll-and-jam -fpeel-loops -fpredictive-commoning -fsplit-paths -ftree-loop-distribution -ftree-loop-vectorize -ftree-partial-pre -ftree-slp-vectorize -funswitch-loops -fvect-cost-model -fvect-cost-model=dynamic -fversion-loops-for-strides ,0.00005500,1.81800,14952
linear-algebra/blas/gesummv/gesummv,-fipa-cp-clone -floop-interchange -floop-unroll-and-jam -fpeel-loops -fsplit-loops -fsplit-paths -ftree-loop-distribution -ftree-loop-vectorize -ftree-partial-pre -ftree-slp-vectorize -funswitch-loops -fvect-cost-model -fvect-cost-model=dynamic -fversion-loops-for-strides ,0.00005500,0,14952
linear-algebra/blas/gesummv/gesummv,-fipa-cp-clone -floop-interchange -floop-unroll-and-jam -fpredictive-commoning -fsplit-loops -fsplit-paths -ftree-loop-distribution -ftree-loop-vectorize -ftree-partial-pre -ftree-slp-vectorize -funswitch-loops -fvect-cost-model -fvect-cost-model=dynamic -fversion-loops-for-strides ,0.00005666,2.36400,14952
linear-algebra/blas/gesummv/gesummv,-fipa-cp-clone -floop-interchange -fpeel-loops -fpredictive-commoning -fsplit-loops -fsplit-paths -ftree-loop-distribution -ftree-loop-vectorize -ftree-partial-pre -ftree-slp-vectorize -funswitch-loops -fvect-cost-model -fvect-cost-model=dynamic -fversion-loops-for-strides ,0.00005733,1.16800,14952
linear-algebra/blas/gesummv/gesummv,-fipa-cp-clone -floop-unroll-and-jam -fpeel-loops -fpredictive-commoning -fsplit-loops -fsplit-paths -ftree-loop-distribution -ftree-loop-vectorize -ftree-partial-pre -ftree-slp-vectorize -funswitch-loops -fvect-cost-model -fvect-cost-model=dynamic -fversion-loops-for-strides ,0.00005933,4.50000,14952
linear-algebra/blas/gesummv/gesummv,-floop-interchange -floop-unroll-and-jam -fpeel-loops -fpredictive-commoning -fsplit-loops -fsplit-paths -ftree-loop-distribution -ftree-loop-vectorize -ftree-partial-pre -ftree-slp-vectorize -funswitch-loops -fvect-cost-model -fvect-cost-model=dynamic -fversion-loops-for-strides ,0.00006033,5,14952
linear-algebra/blas/gesummv/gesummv,-fgcse-after-reload -fipa-cp-clone -floop-interchange -floop-unroll-and-jam -fpeel-loops -fpredictive-commoning -fsplit-loops -fsplit-paths -ftree-loop-distribution -ftree-loop-vectorize -ftree-partial-pre -ftree-slp-vectorize -funswitch-loops -fvect-cost-model -fvect-cost-model=dynamic ,0.00005633,4.13600,14952
linear-algebra/blas/gesummv/gesummv,-fgcse-after-reload -fipa-cp-clone -floop-interchange -floop-unroll-and-jam -fpeel-loops -fpredictive-commoning -fsplit-loops -fsplit-paths -ftree-loop-distribution -ftree-loop-vectorize -ftree-partial-pre -ftree-slp-vectorize -funswitch-loops -fvect-cost-model -fversion-loops-for-strides ,0.00005766,4.05800,14952
linear-algebra/blas/gesummv/gesummv,-fgcse-after-reload -fipa-cp-clone -floop-interchange -floop-unroll-and-jam -fpeel-loops -fpredictive-commoning -fsplit-loops -fsplit-paths -ftree-loop-distribution -ftree-loop-vectorize -ftree-partial-pre -ftree-slp-vectorize -funswitch-loops -fvect-cost-model=dynamic -fversion-loops-for-strides ,0.00005566,1.18500,14952
linear-algebra/blas/gesummv/gesummv,-fgcse-after-reload -fipa-cp-clone -floop-interchange -floop-unroll-and-jam -fpeel-loops -fpredictive-commoning -fsplit-loops -fsplit-paths -ftree-loop-distribution -ftree-loop-vectorize -ftree-partial-pre -ftree-slp-vectorize -fvect-cost-model -fvect-cost-model=dynamic -fversion-loops-for-strides ,0.00005466,1.20700,14952
linear-algebra/blas/gesummv/gesummv,-fgcse-after-reload -fipa-cp-clone -floop-interchange -floop-unroll-and-jam -fpeel-loops -fpredictive-commoning -fsplit-loops -fsplit-paths -ftree-loop-distribution -ftree-loop-vectorize -ftree-partial-pre -funswitch-loops -fvect-cost-model -fvect-cost-model=dynamic -fversion-loops-for-strides ,0.00005600,1.78500,14952
linear-algebra/blas/gesummv/gesummv,-fgcse-after-reload -fipa-cp-clone -floop-interchange -floop-unroll-and-jam -fpeel-loops -fpredictive-commoning -fsplit-loops -fsplit-paths -ftree-loop-distribution -ftree-loop-vectorize -ftree-slp-vectorize -funswitch-loops -fvect-cost-model -fvect-cost-model=dynamic -fversion-loops-for-strides ,0.00005566,1.18500,14952
linear-algebra/blas/gesummv/gesummv,-fgcse-after-reload -fipa-cp-clone -floop-interchange -floop-unroll-and-jam -fpeel-loops -fpredictive-commoning -fsplit-loops -fsplit-paths -ftree-loop-distribution -ftree-partial-pre -ftree-slp-vectorize -funswitch-loops -fvect-cost-model -fvect-cost-model=dynamic -fversion-loops-for-strides ,0.00005766,2.32300,14928
linear-algebra/blas/gesummv/gesummv,-fgcse-after-reload -fipa-cp-clone -floop-interchange -floop-unroll-and-jam -fpeel-loops -fpredictive-commoning -fsplit-loops -fsplit-paths -ftree-loop-vectorize -ftree-partial-pre -ftree-slp-vectorize -funswitch-loops -fvect-cost-model -fvect-cost-model=dynamic -fversion-loops-for-strides ,0.00006100,0,14952
linear-algebra/blas/gesummv/gesummv,-fgcse-after-reload -fipa-cp-clone -floop-interchange -floop-unroll-and-jam -fpeel-loops -fpredictive-commoning -fsplit-loops -ftree-loop-distribution -ftree-loop-vectorize -ftree-partial-pre -ftree-slp-vectorize -funswitch-loops -fvect-cost-model -fvect-cost-model=dynamic -fversion-loops-for-strides ,0.00005600,1.78500,14952
linear-algebra/blas/gesummv/gesummv,-fgcse-after-reload -fipa-cp-clone -floop-interchange -floop-unroll-and-jam -fpeel-loops -fpredictive-commoning -fsplit-paths -ftree-loop-distribution -ftree-loop-vectorize -ftree-partial-pre -ftree-slp-vectorize -funswitch-loops -fvect-cost-model -fvect-cost-model=dynamic -fversion-loops-for-strides ,0.00005866,2.28400,14952
linear-algebra/blas/gesummv/gesummv,-fgcse-after-reload -fipa-cp-clone -floop-interchange -floop-unroll-and-jam -fpeel-loops -fsplit-loops -fsplit-paths -ftree-loop-distribution -ftree-loop-vectorize -ftree-partial-pre -ftree-slp-vectorize -funswitch-loops -fvect-cost-model -fvect-cost-model=dynamic -fversion-loops-for-strides ,0.00005800,5,14952
linear-algebra/blas/gesummv/gesummv,-fgcse-after-reload -fipa-cp-clone -floop-interchange -floop-unroll-and-jam -fpredictive-commoning -fsplit-loops -fsplit-paths -ftree-loop-distribution -ftree-loop-vectorize -ftree-partial-pre -ftree-slp-vectorize -funswitch-loops -fvect-cost-model -fvect-cost-model=dynamic -fversion-loops-for-strides ,0.00005533,2.40300,14952
linear-algebra/blas/gesummv/gesummv,-fgcse-after-reload -fipa-cp-clone -floop-interchange -fpeel-loops -fpredictive-commoning -fsplit-loops -fsplit-paths -ftree-loop-distribution -ftree-loop-vectorize -ftree-partial-pre -ftree-slp-vectorize -funswitch-loops -fvect-cost-model -fvect-cost-model=dynamic -fversion-loops-for-strides ,0.00005733,2.91200,14952
linear-algebra/blas/gesummv/gesummv,-fgcse-after-reload -fipa-cp-clone -floop-unroll-and-jam -fpeel-loops -fpredictive-commoning -fsplit-loops -fsplit-paths -ftree-loop-distribution -ftree-loop-vectorize -ftree-partial-pre -ftree-slp-vectorize -funswitch-loops -fvect-cost-model -fvect-cost-model=dynamic -fversion-loops-for-strides ,0.00005700,5,14952
linear-algebra/blas/gesummv/gesummv,-fgcse-after-reload -floop-interchange -floop-unroll-and-jam -fpeel-loops -fpredictive-commoning -fsplit-loops -fsplit-paths -ftree-loop-distribution -ftree-loop-vectorize -ftree-partial-pre -ftree-slp-vectorize -funswitch-loops -fvect-cost-model -fvect-cost-model=dynamic -fversion-loops-for-strides ,0.00005900,5,14952
linear-algebra/blas/gesummv/gesummv,-fipa-cp-clone -floop-interchange -floop-unroll-and-jam -fpeel-loops -fpredictive-commoning -fsplit-loops -fsplit-paths -ftree-loop-distribution -ftree-loop-vectorize -ftree-partial-pre -ftree-slp-vectorize -funswitch-loops -fvect-cost-model -fvect-cost-model=dynamic -fversion-loops-for-strides ,0.00006166,5,14952
linear-algebra/blas/gesummv/gesummv,-fgcse-after-reload -fipa-cp-clone -floop-interchange -floop-unroll-and-jam -fpeel-loops -fpredictive-commoning -fsplit-loops -fsplit-paths -ftree-loop-distribution -ftree-loop-vectorize -ftree-partial-pre -ftree-slp-vectorize -funswitch-loops -fvect-cost-model -fvect-cost-model=dynamic -fversion-loops-for-strides ,0.00005966,2.78200,14952
