linear-algebra/blas/gesummv/gesummv,,0.00000800,0,14928
linear-algebra/blas/gesummv/gesummv,-fgcse-after-reload -floop-unroll-and-jam -fpeel-loops -fpredictive-commoning -fsplit-loops -fsplit-paths -ftree-loop-distribution -ftree-loop-vectorize -ftree-partial-pre -funswitch-loops -fvect-cost-model -fvect-cost-model=dynamic -fversion-loops-for-strides ,0.00000800,0,14952
linear-algebra/blas/gesummv/gesummv,-fgcse-after-reload -floop-unroll-and-jam -fpeel-loops -fpredictive-commoning -fsplit-loops -fsplit-paths -ftree-loop-distribution -ftree-loop-vectorize -ftree-slp-vectorize -funswitch-loops -fvect-cost-model -fvect-cost-model=dynamic -fversion-loops-for-strides ,0.00000833,5,14952
linear-algebra/blas/gesummv/gesummv,-fgcse-after-reload -floop-unroll-and-jam -fpeel-loops -fpredictive-commoning -fsplit-loops -fsplit-paths -ftree-loop-distribution -ftree-partial-pre -ftree-slp-vectorize -funswitch-loops -fvect-cost-model -fvect-cost-model=dynamic -fversion-loops-for-strides ,0.00000933,5,14928
linear-algebra/blas/gesummv/gesummv,-fgcse-after-reload -floop-unroll-and-jam -fpeel-loops -fpredictive-commoning -fsplit-loops -fsplit-paths -ftree-loop-vectorize -ftree-partial-pre -ftree-slp-vectorize -funswitch-loops -fvect-cost-model -fvect-cost-model=dynamic -fversion-loops-for-strides ,0.00000800,0,14952
linear-algebra/blas/gesummv/gesummv,-fgcse-after-reload -floop-unroll-and-jam -fpeel-loops -fpredictive-commoning -fsplit-loops -ftree-loop-distribution -ftree-loop-vectorize -ftree-partial-pre -ftree-slp-vectorize -funswitch-loops -fvect-cost-model -fvect-cost-model=dynamic -fversion-loops-for-strides ,0.00000800,0,14952
linear-algebra/blas/gesummv/gesummv,-fgcse-after-reload -floop-unroll-and-jam -fpeel-loops -fpredictive-commoning -fsplit-paths -ftree-loop-distribution -ftree-loop-vectorize -ftree-partial-pre -ftree-slp-vectorize -funswitch-loops -fvect-cost-model -fvect-cost-model=dynamic -fversion-loops-for-strides ,0.00000833,5,14952
linear-algebra/blas/gesummv/gesummv,-fgcse-after-reload -floop-unroll-and-jam -fpeel-loops -fsplit-loops -fsplit-paths -ftree-loop-distribution -ftree-loop-vectorize -ftree-partial-pre -ftree-slp-vectorize -funswitch-loops -fvect-cost-model -fvect-cost-model=dynamic -fversion-loops-for-strides ,0.00000833,5,14952
linear-algebra/blas/gesummv/gesummv,-fgcse-after-reload -floop-unroll-and-jam -fpredictive-commoning -fsplit-loops -fsplit-paths -ftree-loop-distribution -ftree-loop-vectorize -ftree-partial-pre -ftree-slp-vectorize -funswitch-loops -fvect-cost-model -fvect-cost-model=dynamic -fversion-loops-for-strides ,0.00000800,0,14952
linear-algebra/blas/gesummv/gesummv,-fgcse-after-reload -fpeel-loops -fpredictive-commoning -fsplit-loops -fsplit-paths -ftree-loop-distribution -ftree-loop-vectorize -ftree-partial-pre -ftree-slp-vectorize -funswitch-loops -fvect-cost-model -fvect-cost-model=dynamic -fversion-loops-for-strides ,0.00000800,0,14952
linear-algebra/blas/gesummv/gesummv,-fipa-cp-clone -floop-interchange -floop-unroll-and-jam -fpeel-loops -fpredictive-commoning -fsplit-loops -fsplit-paths -ftree-loop-distribution -ftree-loop-vectorize -ftree-partial-pre -ftree-slp-vectorize -funswitch-loops -fvect-cost-model ,0.00000800,0,14952
linear-algebra/blas/gesummv/gesummv,-fipa-cp-clone -floop-interchange -floop-unroll-and-jam -fpeel-loops -fpredictive-commoning -fsplit-loops -fsplit-paths -ftree-loop-distribution -ftree-loop-vectorize -ftree-partial-pre -ftree-slp-vectorize -funswitch-loops -fvect-cost-model=dynamic ,0.00000833,5,14952
linear-algebra/blas/gesummv/gesummv,-fipa-cp-clone -floop-interchange -floop-unroll-and-jam -fpeel-loops -fpredictive-commoning -fsplit-loops -fsplit-paths -ftree-loop-distribution -ftree-loop-vectorize -ftree-partial-pre -ftree-slp-vectorize -funswitch-loops -fversion-loops-for-strides ,0.00000866,5,14952
linear-algebra/blas/gesummv/gesummv,-fipa-cp-clone -floop-interchange -floop-unroll-and-jam -fpeel-loops -fpredictive-commoning -fsplit-loops -fsplit-paths -ftree-loop-distribution -ftree-loop-vectorize -ftree-partial-pre -ftree-slp-vectorize -fvect-cost-model -fvect-cost-model=dynamic ,0.00000833,5,14952
linear-algebra/blas/gesummv/gesummv,-fipa-cp-clone -floop-interchange -floop-unroll-and-jam -fpeel-loops -fpredictive-commoning -fsplit-loops -fsplit-paths -ftree-loop-distribution -ftree-loop-vectorize -ftree-partial-pre -ftree-slp-vectorize -fvect-cost-model -fversion-loops-for-strides ,0.00000800,0,14952
linear-algebra/blas/gesummv/gesummv,-fipa-cp-clone -floop-interchange -floop-unroll-and-jam -fpeel-loops -fpredictive-commoning -fsplit-loops -fsplit-paths -ftree-loop-distribution -ftree-loop-vectorize -ftree-partial-pre -ftree-slp-vectorize -fvect-cost-model=dynamic -fversion-loops-for-strides ,0.00000833,5,14952
linear-algebra/blas/gesummv/gesummv,-fipa-cp-clone -floop-interchange -floop-unroll-and-jam -fpeel-loops -fpredictive-commoning -fsplit-loops -fsplit-paths -ftree-loop-distribution -ftree-loop-vectorize -ftree-partial-pre -funswitch-loops -fvect-cost-model -fvect-cost-model=dynamic ,0.00000866,5,14952
linear-algebra/blas/gesummv/gesummv,-fipa-cp-clone -floop-interchange -floop-unroll-and-jam -fpeel-loops -fpredictive-commoning -fsplit-loops -fsplit-paths -ftree-loop-distribution -ftree-loop-vectorize -ftree-partial-pre -funswitch-loops -fvect-cost-model -fversion-loops-for-strides ,0.00000833,5,14952
linear-algebra/blas/gesummv/gesummv,-fipa-cp-clone -floop-interchange -floop-unroll-and-jam -fpeel-loops -fpredictive-commoning -fsplit-loops -fsplit-paths -ftree-loop-distribution -ftree-loop-vectorize -ftree-partial-pre -funswitch-loops -fvect-cost-model=dynamic -fversion-loops-for-strides ,0.00000800,0,14952
linear-algebra/blas/gesummv/gesummv,-fipa-cp-clone -floop-interchange -floop-unroll-and-jam -fpeel-loops -fpredictive-commoning -fsplit-loops -fsplit-paths -ftree-loop-distribution -ftree-loop-vectorize -ftree-partial-pre -fvect-cost-model -fvect-cost-model=dynamic -fversion-loops-for-strides ,0.00000800,0,14952
linear-algebra/blas/gesummv/gesummv,-fipa-cp-clone -floop-interchange -floop-unroll-and-jam -fpeel-loops -fpredictive-commoning -fsplit-loops -fsplit-paths -ftree-loop-distribution -ftree-loop-vectorize -ftree-slp-vectorize -funswitch-loops -fvect-cost-model -fvect-cost-model=dynamic ,0.00000900,0,14952
linear-algebra/blas/gesummv/gesummv,-fipa-cp-clone -floop-interchange -floop-unroll-and-jam -fpeel-loops -fpredictive-commoning -fsplit-loops -fsplit-paths -ftree-loop-distribution -ftree-loop-vectorize -ftree-slp-vectorize -funswitch-loops -fvect-cost-model -fversion-loops-for-strides ,0.00000833,5,14952
linear-algebra/blas/gesummv/gesummv,-fipa-cp-clone -floop-interchange -floop-unroll-and-jam -fpeel-loops -fpredictive-commoning -fsplit-loops -fsplit-paths -ftree-loop-distribution -ftree-loop-vectorize -ftree-slp-vectorize -funswitch-loops -fvect-cost-model=dynamic -fversion-loops-for-strides ,0.00000833,5,14952
linear-algebra/blas/gesummv/gesummv,-fipa-cp-clone -floop-interchange -floop-unroll-and-jam -fpeel-loops -fpredictive-commoning -fsplit-loops -fsplit-paths -ftree-loop-distribution -ftree-loop-vectorize -ftree-slp-vectorize -fvect-cost-model -fvect-cost-model=dynamic -fversion-loops-for-strides ,0.00000800,0,14952
linear-algebra/blas/gesummv/gesummv,-fipa-cp-clone -floop-interchange -floop-unroll-and-jam -fpeel-loops -fpredictive-commoning -fsplit-loops -fsplit-paths -ftree-loop-distribution -ftree-loop-vectorize -funswitch-loops -fvect-cost-model -fvect-cost-model=dynamic -fversion-loops-for-strides ,0.00000800,0,14952
linear-algebra/blas/gesummv/gesummv,-fipa-cp-clone -floop-interchange -floop-unroll-and-jam -fpeel-loops -fpredictive-commoning -fsplit-loops -fsplit-paths -ftree-loop-distribution -ftree-partial-pre -ftree-slp-vectorize -funswitch-loops -fvect-cost-model -fvect-cost-model=dynamic ,0.00000833,5,14928
linear-algebra/blas/gesummv/gesummv,-fipa-cp-clone -floop-interchange -floop-unroll-and-jam -fpeel-loops -fpredictive-commoning -fsplit-loops -fsplit-paths -ftree-loop-distribution -ftree-partial-pre -ftree-slp-vectorize -funswitch-loops -fvect-cost-model -fversion-loops-for-strides ,0.00000800,0,14928
linear-algebra/blas/gesummv/gesummv,-fipa-cp-clone -floop-interchange -floop-unroll-and-jam -fpeel-loops -fpredictive-commoning -fsplit-loops -fsplit-paths -ftree-loop-distribution -ftree-partial-pre -ftree-slp-vectorize -funswitch-loops -fvect-cost-model=dynamic -fversion-loops-for-strides ,0.00000833,5,14928
linear-algebra/blas/gesummv/gesummv,-fipa-cp-clone -floop-interchange -floop-unroll-and-jam -fpeel-loops -fpredictive-commoning -fsplit-loops -fsplit-paths -ftree-loop-distribution -ftree-partial-pre -ftree-slp-vectorize -fvect-cost-model -fvect-cost-model=dynamic -fversion-loops-for-strides ,0.00000866,5,14928
linear-algebra/blas/gesummv/gesummv,-fipa-cp-clone -floop-interchange -floop-unroll-and-jam -fpeel-loops -fpredictive-commoning -fsplit-loops -fsplit-paths -ftree-loop-distribution -ftree-partial-pre -funswitch-loops -fvect-cost-model -fvect-cost-model=dynamic -fversion-loops-for-strides ,0.00000833,5,14928
linear-algebra/blas/gesummv/gesummv,-fipa-cp-clone -floop-interchange -floop-unroll-and-jam -fpeel-loops -fpredictive-commoning -fsplit-loops -fsplit-paths -ftree-loop-distribution -ftree-slp-vectorize -funswitch-loops -fvect-cost-model -fvect-cost-model=dynamic -fversion-loops-for-strides ,0.00000800,0,14928
linear-algebra/blas/gesummv/gesummv,-fipa-cp-clone -floop-interchange -floop-unroll-and-jam -fpeel-loops -fpredictive-commoning -fsplit-loops -fsplit-paths -ftree-loop-vectorize -ftree-partial-pre -ftree-slp-vectorize -funswitch-loops -fvect-cost-model -fvect-cost-model=dynamic ,0.00000866,5,14952
linear-algebra/blas/gesummv/gesummv,-fipa-cp-clone -floop-interchange -floop-unroll-and-jam -fpeel-loops -fpredictive-commoning -fsplit-loops -fsplit-paths -ftree-loop-vectorize -ftree-partial-pre -ftree-slp-vectorize -funswitch-loops -fvect-cost-model -fversion-loops-for-strides ,0.00000900,0,14952
linear-algebra/blas/gesummv/gesummv,-fipa-cp-clone -floop-interchange -floop-unroll-and-jam -fpeel-loops -fpredictive-commoning -fsplit-loops -fsplit-paths -ftree-loop-vectorize -ftree-partial-pre -ftree-slp-vectorize -funswitch-loops -fvect-cost-model=dynamic -fversion-loops-for-strides ,0.00000800,0,14952
linear-algebra/blas/gesummv/gesummv,-fipa-cp-clone -floop-interchange -floop-unroll-and-jam -fpeel-loops -fpredictive-commoning -fsplit-loops -fsplit-paths -ftree-loop-vectorize -ftree-partial-pre -ftree-slp-vectorize -fvect-cost-model -fvect-cost-model=dynamic -fversion-loops-for-strides ,0.00000833,5,14952
linear-algebra/blas/gesummv/gesummv,-fipa-cp-clone -floop-interchange -floop-unroll-and-jam -fpeel-loops -fpredictive-commoning -fsplit-loops -fsplit-paths -ftree-loop-vectorize -ftree-partial-pre -funswitch-loops -fvect-cost-model -fvect-cost-model=dynamic -fversion-loops-for-strides ,0.00000833,5,14952
linear-algebra/blas/gesummv/gesummv,-fipa-cp-clone -floop-interchange -floop-unroll-and-jam -fpeel-loops -fpredictive-commoning -fsplit-loops -fsplit-paths -ftree-loop-vectorize -ftree-slp-vectorize -funswitch-loops -fvect-cost-model -fvect-cost-model=dynamic -fversion-loops-for-strides ,0.00000800,0,14952
linear-algebra/blas/gesummv/gesummv,-fipa-cp-clone -floop-interchange -floop-unroll-and-jam -fpeel-loops -fpredictive-commoning -fsplit-loops -fsplit-paths -ftree-partial-pre -ftree-slp-vectorize -funswitch-loops -fvect-cost-model -fvect-cost-model=dynamic -fversion-loops-for-strides ,0.00000833,5,14928
linear-algebra/blas/gesummv/gesummv,-fipa-cp-clone -floop-interchange -floop-unroll-and-jam -fpeel-loops -fpredictive-commoning -fsplit-loops -ftree-loop-distribution -ftree-loop-vectorize -ftree-partial-pre -ftree-slp-vectorize -funswitch-loops -fvect-cost-model -fvect-cost-model=dynamic ,0.00000833,5,14952
linear-algebra/blas/gesummv/gesummv,-fipa-cp-clone -floop-interchange -floop-unroll-and-jam -fpeel-loops -fpredictive-commoning -fsplit-loops -ftree-loop-distribution -ftree-loop-vectorize -ftree-partial-pre -ftree-slp-vectorize -funswitch-loops -fvect-cost-model -fversion-loops-for-strides ,0.00000866,5,14952
linear-algebra/blas/gesummv/gesummv,-fipa-cp-clone -floop-interchange -floop-unroll-and-jam -fpeel-loops -fpredictive-commoning -fsplit-loops -ftree-loop-distribution -ftree-loop-vectorize -ftree-partial-pre -ftree-slp-vectorize -funswitch-loops -fvect-cost-model=dynamic -fversion-loops-for-strides ,0.00000900,0,14952
linear-algebra/blas/gesummv/gesummv,-fipa-cp-clone -floop-interchange -floop-unroll-and-jam -fpeel-loops -fpredictive-commoning -fsplit-loops -ftree-loop-distribution -ftree-loop-vectorize -ftree-partial-pre -ftree-slp-vectorize -fvect-cost-model -fvect-cost-model=dynamic -fversion-loops-for-strides ,0.00000900,5,14952
linear-algebra/blas/gesummv/gesummv,-fipa-cp-clone -floop-interchange -floop-unroll-and-jam -fpeel-loops -fpredictive-commoning -fsplit-loops -ftree-loop-distribution -ftree-loop-vectorize -ftree-partial-pre -funswitch-loops -fvect-cost-model -fvect-cost-model=dynamic -fversion-loops-for-strides ,0.00000800,0,14952
linear-algebra/blas/gesummv/gesummv,-fipa-cp-clone -floop-interchange -floop-unroll-and-jam -fpeel-loops -fpredictive-commoning -fsplit-loops -ftree-loop-distribution -ftree-loop-vectorize -ftree-slp-vectorize -funswitch-loops -fvect-cost-model -fvect-cost-model=dynamic -fversion-loops-for-strides ,0.00000800,0,14952
linear-algebra/blas/gesummv/gesummv,-fipa-cp-clone -floop-interchange -floop-unroll-and-jam -fpeel-loops -fpredictive-commoning -fsplit-loops -ftree-loop-distribution -ftree-partial-pre -ftree-slp-vectorize -funswitch-loops -fvect-cost-model -fvect-cost-model=dynamic -fversion-loops-for-strides ,0.00000833,5,14928
linear-algebra/blas/gesummv/gesummv,-fipa-cp-clone -floop-interchange -floop-unroll-and-jam -fpeel-loops -fpredictive-commoning -fsplit-loops -ftree-loop-vectorize -ftree-partial-pre -ftree-slp-vectorize -funswitch-loops -fvect-cost-model -fvect-cost-model=dynamic -fversion-loops-for-strides ,0.00000833,5,14952
linear-algebra/blas/gesummv/gesummv,-fipa-cp-clone -floop-interchange -floop-unroll-and-jam -fpeel-loops -fpredictive-commoning -fsplit-paths -ftree-loop-distribution -ftree-loop-vectorize -ftree-partial-pre -ftree-slp-vectorize -funswitch-loops -fvect-cost-model -fvect-cost-model=dynamic ,0.00000833,5,14952
linear-algebra/blas/gesummv/gesummv,-fipa-cp-clone -floop-interchange -floop-unroll-and-jam -fpeel-loops -fpredictive-commoning -fsplit-paths -ftree-loop-distribution -ftree-loop-vectorize -ftree-partial-pre -ftree-slp-vectorize -funswitch-loops -fvect-cost-model -fversion-loops-for-strides ,0.00000766,5,14952
linear-algebra/blas/gesummv/gesummv,-fipa-cp-clone -floop-interchange -floop-unroll-and-jam -fpeel-loops -fpredictive-commoning -fsplit-paths -ftree-loop-distribution -ftree-loop-vectorize -ftree-partial-pre -ftree-slp-vectorize -funswitch-loops -fvect-cost-model=dynamic -fversion-loops-for-strides ,0.00000800,0,14952
linear-algebra/blas/gesummv/gesummv,-fipa-cp-clone -floop-interchange -floop-unroll-and-jam -fpeel-loops -fpredictive-commoning -fsplit-paths -ftree-loop-distribution -ftree-loop-vectorize -ftree-partial-pre -ftree-slp-vectorize -fvect-cost-model -fvect-cost-model=dynamic -fversion-loops-for-strides ,0.00000833,5,14952
linear-algebra/blas/gesummv/gesummv,-fipa-cp-clone -floop-interchange -floop-unroll-and-jam -fpeel-loops -fpredictive-commoning -fsplit-paths -ftree-loop-distribution -ftree-loop-vectorize -ftree-partial-pre -funswitch-loops -fvect-cost-model -fvect-cost-model=dynamic -fversion-loops-for-strides ,0.00000800,0,14952
linear-algebra/blas/gesummv/gesummv,-fipa-cp-clone -floop-interchange -floop-unroll-and-jam -fpeel-loops -fpredictive-commoning -fsplit-paths -ftree-loop-distribution -ftree-loop-vectorize -ftree-slp-vectorize -funswitch-loops -fvect-cost-model -fvect-cost-model=dynamic -fversion-loops-for-strides ,0.00000866,5,14952
linear-algebra/blas/gesummv/gesummv,-fipa-cp-clone -floop-interchange -floop-unroll-and-jam -fpeel-loops -fpredictive-commoning -fsplit-paths -ftree-loop-distribution -ftree-partial-pre -ftree-slp-vectorize -funswitch-loops -fvect-cost-model -fvect-cost-model=dynamic -fversion-loops-for-strides ,0.00000900,0,14928
linear-algebra/blas/gesummv/gesummv,-fipa-cp-clone -floop-interchange -floop-unroll-and-jam -fpeel-loops -fpredictive-commoning -fsplit-paths -ftree-loop-vectorize -ftree-partial-pre -ftree-slp-vectorize -funswitch-loops -fvect-cost-model -fvect-cost-model=dynamic -fversion-loops-for-strides ,0.00000800,0,14952
linear-algebra/blas/gesummv/gesummv,-fipa-cp-clone -floop-interchange -floop-unroll-and-jam -fpeel-loops -fpredictive-commoning -ftree-loop-distribution -ftree-loop-vectorize -ftree-partial-pre -ftree-slp-vectorize -funswitch-loops -fvect-cost-model -fvect-cost-model=dynamic -fversion-loops-for-strides ,0.00000800,0,14952
linear-algebra/blas/gesummv/gesummv,-fipa-cp-clone -floop-interchange -floop-unroll-and-jam -fpeel-loops -fsplit-loops -fsplit-paths -ftree-loop-distribution -ftree-loop-vectorize -ftree-partial-pre -ftree-slp-vectorize -funswitch-loops -fvect-cost-model -fvect-cost-model=dynamic ,0.00000833,5,14952
linear-algebra/blas/gesummv/gesummv,-fipa-cp-clone -floop-interchange -floop-unroll-and-jam -fpeel-loops -fsplit-loops -fsplit-paths -ftree-loop-distribution -ftree-loop-vectorize -ftree-partial-pre -ftree-slp-vectorize -funswitch-loops -fvect-cost-model -fversion-loops-for-strides ,0.00000800,0,14952
linear-algebra/blas/gesummv/gesummv,-fipa-cp-clone -floop-interchange -floop-unroll-and-jam -fpeel-loops -fsplit-loops -fsplit-paths -ftree-loop-distribution -ftree-loop-vectorize -ftree-partial-pre -ftree-slp-vectorize -funswitch-loops -fvect-cost-model=dynamic -fversion-loops-for-strides ,0.00000833,5,14952
linear-algebra/blas/gesummv/gesummv,-fipa-cp-clone -floop-interchange -floop-unroll-and-jam -fpeel-loops -fsplit-loops -fsplit-paths -ftree-loop-distribution -ftree-loop-vectorize -ftree-partial-pre -ftree-slp-vectorize -fvect-cost-model -fvect-cost-model=dynamic -fversion-loops-for-strides ,0.00000800,0,14952
linear-algebra/blas/gesummv/gesummv,-fipa-cp-clone -floop-interchange -floop-unroll-and-jam -fpeel-loops -fsplit-loops -fsplit-paths -ftree-loop-distribution -ftree-loop-vectorize -ftree-partial-pre -funswitch-loops -fvect-cost-model -fvect-cost-model=dynamic -fversion-loops-for-strides ,0.00000866,5,14952
linear-algebra/blas/gesummv/gesummv,-fipa-cp-clone -floop-interchange -floop-unroll-and-jam -fpeel-loops -fsplit-loops -fsplit-paths -ftree-loop-distribution -ftree-loop-vectorize -ftree-slp-vectorize -funswitch-loops -fvect-cost-model -fvect-cost-model=dynamic -fversion-loops-for-strides ,0.00000866,5,14952
linear-algebra/blas/gesummv/gesummv,-fipa-cp-clone -floop-interchange -floop-unroll-and-jam -fpeel-loops -fsplit-loops -fsplit-paths -ftree-loop-distribution -ftree-partial-pre -ftree-slp-vectorize -funswitch-loops -fvect-cost-model -fvect-cost-model=dynamic -fversion-loops-for-strides ,0.00000833,5,14928
linear-algebra/blas/gesummv/gesummv,-fipa-cp-clone -floop-interchange -floop-unroll-and-jam -fpeel-loops -fsplit-loops -fsplit-paths -ftree-loop-vectorize -ftree-partial-pre -ftree-slp-vectorize -funswitch-loops -fvect-cost-model -fvect-cost-model=dynamic -fversion-loops-for-strides ,0.00000900,0,14952
linear-algebra/blas/gesummv/gesummv,-fipa-cp-clone -floop-interchange -floop-unroll-and-jam -fpeel-loops -fsplit-loops -ftree-loop-distribution -ftree-loop-vectorize -ftree-partial-pre -ftree-slp-vectorize -funswitch-loops -fvect-cost-model -fvect-cost-model=dynamic -fversion-loops-for-strides ,0.00000833,5,14952
linear-algebra/blas/gesummv/gesummv,-fipa-cp-clone -floop-interchange -floop-unroll-and-jam -fpeel-loops -fsplit-paths -ftree-loop-distribution -ftree-loop-vectorize -ftree-partial-pre -ftree-slp-vectorize -funswitch-loops -fvect-cost-model -fvect-cost-model=dynamic -fversion-loops-for-strides ,0.00000933,5,14952
linear-algebra/blas/gesummv/gesummv,-fipa-cp-clone -floop-interchange -floop-unroll-and-jam -fpredictive-commoning -fsplit-loops -fsplit-paths -ftree-loop-distribution -ftree-loop-vectorize -ftree-partial-pre -ftree-slp-vectorize -funswitch-loops -fvect-cost-model -fvect-cost-model=dynamic ,0.00000800,0,14952
linear-algebra/blas/gesummv/gesummv,-fipa-cp-clone -floop-interchange -floop-unroll-and-jam -fpredictive-commoning -fsplit-loops -fsplit-paths -ftree-loop-distribution -ftree-loop-vectorize -ftree-partial-pre -ftree-slp-vectorize -funswitch-loops -fvect-cost-model -fversion-loops-for-strides ,0.00000833,5,14952
linear-algebra/blas/gesummv/gesummv,-fipa-cp-clone -floop-interchange -floop-unroll-and-jam -fpredictive-commoning -fsplit-loops -fsplit-paths -ftree-loop-distribution -ftree-loop-vectorize -ftree-partial-pre -ftree-slp-vectorize -funswitch-loops -fvect-cost-model=dynamic -fversion-loops-for-strides ,0.00000800,0,14952
linear-algebra/blas/gesummv/gesummv,-fipa-cp-clone -floop-interchange -floop-unroll-and-jam -fpredictive-commoning -fsplit-loops -fsplit-paths -ftree-loop-distribution -ftree-loop-vectorize -ftree-partial-pre -ftree-slp-vectorize -fvect-cost-model -fvect-cost-model=dynamic -fversion-loops-for-strides ,0.00000866,5,14952
linear-algebra/blas/gesummv/gesummv,-fipa-cp-clone -floop-interchange -floop-unroll-and-jam -fpredictive-commoning -fsplit-loops -fsplit-paths -ftree-loop-distribution -ftree-loop-vectorize -ftree-partial-pre -funswitch-loops -fvect-cost-model -fvect-cost-model=dynamic -fversion-loops-for-strides ,0.00000900,0,14952
linear-algebra/blas/gesummv/gesummv,-fipa-cp-clone -floop-interchange -floop-unroll-and-jam -fpredictive-commoning -fsplit-loops -fsplit-paths -ftree-loop-distribution -ftree-loop-vectorize -ftree-slp-vectorize -funswitch-loops -fvect-cost-model -fvect-cost-model=dynamic -fversion-loops-for-strides ,0.00000800,0,14952
linear-algebra/blas/gesummv/gesummv,-fipa-cp-clone -floop-interchange -floop-unroll-and-jam -fpredictive-commoning -fsplit-loops -fsplit-paths -ftree-loop-distribution -ftree-partial-pre -ftree-slp-vectorize -funswitch-loops -fvect-cost-model -fvect-cost-model=dynamic -fversion-loops-for-strides ,0.00000833,5,14928
linear-algebra/blas/gesummv/gesummv,-fipa-cp-clone -floop-interchange -floop-unroll-and-jam -fpredictive-commoning -fsplit-loops -fsplit-paths -ftree-loop-vectorize -ftree-partial-pre -ftree-slp-vectorize -funswitch-loops -fvect-cost-model -fvect-cost-model=dynamic -fversion-loops-for-strides ,0.00000800,0,14952
linear-algebra/blas/gesummv/gesummv,-fipa-cp-clone -floop-interchange -floop-unroll-and-jam -fpredictive-commoning -fsplit-loops -ftree-loop-distribution -ftree-loop-vectorize -ftree-partial-pre -ftree-slp-vectorize -funswitch-loops -fvect-cost-model -fvect-cost-model=dynamic -fversion-loops-for-strides ,0.00000900,5,14952
linear-algebra/blas/gesummv/gesummv,-fipa-cp-clone -floop-interchange -floop-unroll-and-jam -fpredictive-commoning -fsplit-paths -ftree-loop-distribution -ftree-loop-vectorize -ftree-partial-pre -ftree-slp-vectorize -funswitch-loops -fvect-cost-model -fvect-cost-model=dynamic -fversion-loops-for-strides ,0.00000866,5,14952
linear-algebra/blas/gesummv/gesummv,-fipa-cp-clone -floop-interchange -floop-unroll-and-jam -fsplit-loops -fsplit-paths -ftree-loop-distribution -ftree-loop-vectorize -ftree-partial-pre -ftree-slp-vectorize -funswitch-loops -fvect-cost-model -fvect-cost-model=dynamic -fversion-loops-for-strides ,0.00000900,0,14952
linear-algebra/blas/gesummv/gesummv,-fipa-cp-clone -floop-interchange -fpeel-loops -fpredictive-commoning -fsplit-loops -fsplit-paths -ftree-loop-distribution -ftree-loop-vectorize -ftree-partial-pre -ftree-slp-vectorize -funswitch-loops -fvect-cost-model -fvect-cost-model=dynamic ,0.00000866,5,14952
linear-algebra/blas/gesummv/gesummv,-fipa-cp-clone -floop-interchange -fpeel-loops -fpredictive-commoning -fsplit-loops -fsplit-paths -ftree-loop-distribution -ftree-loop-vectorize -ftree-partial-pre -ftree-slp-vectorize -funswitch-loops -fvect-cost-model -fversion-loops-for-strides ,0.00000833,5,14952
linear-algebra/blas/gesummv/gesummv,-fipa-cp-clone -floop-interchange -fpeel-loops -fpredictive-commoning -fsplit-loops -fsplit-paths -ftree-loop-distribution -ftree-loop-vectorize -ftree-partial-pre -ftree-slp-vectorize -funswitch-loops -fvect-cost-model=dynamic -fversion-loops-for-strides ,0.00000833,5,14952
linear-algebra/blas/gesummv/gesummv,-fipa-cp-clone -floop-interchange -fpeel-loops -fpredictive-commoning -fsplit-loops -fsplit-paths -ftree-loop-distribution -ftree-loop-vectorize -ftree-partial-pre -ftree-slp-vectorize -fvect-cost-model -fvect-cost-model=dynamic -fversion-loops-for-strides ,0.00000800,0,14952
linear-algebra/blas/gesummv/gesummv,-fipa-cp-clone -floop-interchange -fpeel-loops -fpredictive-commoning -fsplit-loops -fsplit-paths -ftree-loop-distribution -ftree-loop-vectorize -ftree-partial-pre -funswitch-loops -fvect-cost-model -fvect-cost-model=dynamic -fversion-loops-for-strides ,0.00000866,5,14952
linear-algebra/blas/gesummv/gesummv,-fipa-cp-clone -floop-interchange -fpeel-loops -fpredictive-commoning -fsplit-loops -fsplit-paths -ftree-loop-distribution -ftree-loop-vectorize -ftree-slp-vectorize -funswitch-loops -fvect-cost-model -fvect-cost-model=dynamic -fversion-loops-for-strides ,0.00000800,0,14952
linear-algebra/blas/gesummv/gesummv,-fipa-cp-clone -floop-interchange -fpeel-loops -fpredictive-commoning -fsplit-loops -fsplit-paths -ftree-loop-distribution -ftree-partial-pre -ftree-slp-vectorize -funswitch-loops -fvect-cost-model -fvect-cost-model=dynamic -fversion-loops-for-strides ,0.00000866,5,14928
linear-algebra/blas/gesummv/gesummv,-fipa-cp-clone -floop-interchange -fpeel-loops -fpredictive-commoning -fsplit-loops -fsplit-paths -ftree-loop-vectorize -ftree-partial-pre -ftree-slp-vectorize -funswitch-loops -fvect-cost-model -fvect-cost-model=dynamic -fversion-loops-for-strides ,0.00000866,5,14952
linear-algebra/blas/gesummv/gesummv,-fipa-cp-clone -floop-interchange -fpeel-loops -fpredictive-commoning -fsplit-loops -ftree-loop-distribution -ftree-loop-vectorize -ftree-partial-pre -ftree-slp-vectorize -funswitch-loops -fvect-cost-model -fvect-cost-model=dynamic -fversion-loops-for-strides ,0.00000866,5,14952
linear-algebra/blas/gesummv/gesummv,-fipa-cp-clone -floop-interchange -fpeel-loops -fpredictive-commoning -fsplit-paths -ftree-loop-distribution -ftree-loop-vectorize -ftree-partial-pre -ftree-slp-vectorize -funswitch-loops -fvect-cost-model -fvect-cost-model=dynamic -fversion-loops-for-strides ,0.00000866,5,14952
linear-algebra/blas/gesummv/gesummv,-fipa-cp-clone -floop-interchange -fpeel-loops -fsplit-loops -fsplit-paths -ftree-loop-distribution -ftree-loop-vectorize -ftree-partial-pre -ftree-slp-vectorize -funswitch-loops -fvect-cost-model -fvect-cost-model=dynamic -fversion-loops-for-strides ,0.00000833,5,14952
linear-algebra/blas/gesummv/gesummv,-fipa-cp-clone -floop-interchange -fpredictive-commoning -fsplit-loops -fsplit-paths -ftree-loop-distribution -ftree-loop-vectorize -ftree-partial-pre -ftree-slp-vectorize -funswitch-loops -fvect-cost-model -fvect-cost-model=dynamic -fversion-loops-for-strides ,0.00000833,5,14952
linear-algebra/blas/gesummv/gesummv,-fipa-cp-clone -floop-unroll-and-jam -fpeel-loops -fpredictive-commoning -fsplit-loops -fsplit-paths -ftree-loop-distribution -ftree-loop-vectorize -ftree-partial-pre -ftree-slp-vectorize -funswitch-loops -fvect-cost-model -fvect-cost-model=dynamic ,0.00000866,5,14952
linear-algebra/blas/gesummv/gesummv,-fipa-cp-clone -floop-unroll-and-jam -fpeel-loops -fpredictive-commoning -fsplit-loops -fsplit-paths -ftree-loop-distribution -ftree-loop-vectorize -ftree-partial-pre -ftree-slp-vectorize -funswitch-loops -fvect-cost-model -fversion-loops-for-strides ,0.00000900,0,14952
linear-algebra/blas/gesummv/gesummv,-fipa-cp-clone -floop-unroll-and-jam -fpeel-loops -fpredictive-commoning -fsplit-loops -fsplit-paths -ftree-loop-distribution -ftree-loop-vectorize -ftree-partial-pre -ftree-slp-vectorize -funswitch-loops -fvect-cost-model=dynamic -fversion-loops-for-strides ,0.00000933,5,14952
linear-algebra/blas/gesummv/gesummv,-fipa-cp-clone -floop-unroll-and-jam -fpeel-loops -fpredictive-commoning -fsplit-loops -fsplit-paths -ftree-loop-distribution -ftree-loop-vectorize -ftree-partial-pre -ftree-slp-vectorize -fvect-cost-model -fvect-cost-model=dynamic -fversion-loops-for-strides ,0.00000866,5,14952
linear-algebra/blas/gesummv/gesummv,-fipa-cp-clone -floop-unroll-and-jam -fpeel-loops -fpredictive-commoning -fsplit-loops -fsplit-paths -ftree-loop-distribution -ftree-loop-vectorize -ftree-partial-pre -funswitch-loops -fvect-cost-model -fvect-cost-model=dynamic -fversion-loops-for-strides ,0.00000933,5,14952
linear-algebra/blas/gesummv/gesummv,-fipa-cp-clone -floop-unroll-and-jam -fpeel-loops -fpredictive-commoning -fsplit-loops -fsplit-paths -ftree-loop-distribution -ftree-loop-vectorize -ftree-slp-vectorize -funswitch-loops -fvect-cost-model -fvect-cost-model=dynamic -fversion-loops-for-strides ,0.00001000,0,14952
linear-algebra/blas/gesummv/gesummv,-fipa-cp-clone -floop-unroll-and-jam -fpeel-loops -fpredictive-commoning -fsplit-loops -fsplit-paths -ftree-loop-distribution -ftree-partial-pre -ftree-slp-vectorize -funswitch-loops -fvect-cost-model -fvect-cost-model=dynamic -fversion-loops-for-strides ,0.00001000,0,14928
linear-algebra/blas/gesummv/gesummv,-fipa-cp-clone -floop-unroll-and-jam -fpeel-loops -fpredictive-commoning -fsplit-loops -fsplit-paths -ftree-loop-vectorize -ftree-partial-pre -ftree-slp-vectorize -funswitch-loops -fvect-cost-model -fvect-cost-model=dynamic -fversion-loops-for-strides ,0.00000933,5,14952
linear-algebra/blas/gesummv/gesummv,-fipa-cp-clone -floop-unroll-and-jam -fpeel-loops -fpredictive-commoning -fsplit-loops -ftree-loop-distribution -ftree-loop-vectorize -ftree-partial-pre -ftree-slp-vectorize -funswitch-loops -fvect-cost-model -fvect-cost-model=dynamic -fversion-loops-for-strides ,0.00000866,5,14952
linear-algebra/blas/gesummv/gesummv,-fipa-cp-clone -floop-unroll-and-jam -fpeel-loops -fpredictive-commoning -fsplit-paths -ftree-loop-distribution -ftree-loop-vectorize -ftree-partial-pre -ftree-slp-vectorize -funswitch-loops -fvect-cost-model -fvect-cost-model=dynamic -fversion-loops-for-strides ,0.00000866,5,14952
linear-algebra/blas/gesummv/gesummv,-fipa-cp-clone -floop-unroll-and-jam -fpeel-loops -fsplit-loops -fsplit-paths -ftree-loop-distribution -ftree-loop-vectorize -ftree-partial-pre -ftree-slp-vectorize -funswitch-loops -fvect-cost-model -fvect-cost-model=dynamic -fversion-loops-for-strides ,0.00000866,5,14952
linear-algebra/blas/gesummv/gesummv,-fipa-cp-clone -floop-unroll-and-jam -fpredictive-commoning -fsplit-loops -fsplit-paths -ftree-loop-distribution -ftree-loop-vectorize -ftree-partial-pre -ftree-slp-vectorize -funswitch-loops -fvect-cost-model -fvect-cost-model=dynamic -fversion-loops-for-strides ,0.00000933,5,14952
linear-algebra/blas/gesummv/gesummv,-fipa-cp-clone -fpeel-loops -fpredictive-commoning -fsplit-loops -fsplit-paths -ftree-loop-distribution -ftree-loop-vectorize -ftree-partial-pre -ftree-slp-vectorize -funswitch-loops -fvect-cost-model -fvect-cost-model=dynamic -fversion-loops-for-strides ,0.00000900,0,14952
linear-algebra/blas/gesummv/gesummv,-floop-interchange -floop-unroll-and-jam -fpeel-loops -fpredictive-commoning -fsplit-loops -fsplit-paths -ftree-loop-distribution -ftree-loop-vectorize -ftree-partial-pre -ftree-slp-vectorize -funswitch-loops -fvect-cost-model -fvect-cost-model=dynamic ,0.00000866,5,14952
linear-algebra/blas/gesummv/gesummv,-floop-interchange -floop-unroll-and-jam -fpeel-loops -fpredictive-commoning -fsplit-loops -fsplit-paths -ftree-loop-distribution -ftree-loop-vectorize -ftree-partial-pre -ftree-slp-vectorize -funswitch-loops -fvect-cost-model -fversion-loops-for-strides ,0.00000866,5,14952
linear-algebra/blas/gesummv/gesummv,-floop-interchange -floop-unroll-and-jam -fpeel-loops -fpredictive-commoning -fsplit-loops -fsplit-paths -ftree-loop-distribution -ftree-loop-vectorize -ftree-partial-pre -ftree-slp-vectorize -funswitch-loops -fvect-cost-model=dynamic -fversion-loops-for-strides ,0.00000833,5,14952
linear-algebra/blas/gesummv/gesummv,-floop-interchange -floop-unroll-and-jam -fpeel-loops -fpredictive-commoning -fsplit-loops -fsplit-paths -ftree-loop-distribution -ftree-loop-vectorize -ftree-partial-pre -ftree-slp-vectorize -fvect-cost-model -fvect-cost-model=dynamic -fversion-loops-for-strides ,0.00000866,5,14952
linear-algebra/blas/gesummv/gesummv,-floop-interchange -floop-unroll-and-jam -fpeel-loops -fpredictive-commoning -fsplit-loops -fsplit-paths -ftree-loop-distribution -ftree-loop-vectorize -ftree-partial-pre -funswitch-loops -fvect-cost-model -fvect-cost-model=dynamic -fversion-loops-for-strides ,0.00000800,0,14952
linear-algebra/blas/gesummv/gesummv,-floop-interchange -floop-unroll-and-jam -fpeel-loops -fpredictive-commoning -fsplit-loops -fsplit-paths -ftree-loop-distribution -ftree-loop-vectorize -ftree-slp-vectorize -funswitch-loops -fvect-cost-model -fvect-cost-model=dynamic -fversion-loops-for-strides ,0.00000900,0,14952
linear-algebra/blas/gesummv/gesummv,-floop-interchange -floop-unroll-and-jam -fpeel-loops -fpredictive-commoning -fsplit-loops -fsplit-paths -ftree-loop-distribution -ftree-partial-pre -ftree-slp-vectorize -funswitch-loops -fvect-cost-model -fvect-cost-model=dynamic -fversion-loops-for-strides ,0.00000833,5,14928
linear-algebra/blas/gesummv/gesummv,-floop-interchange -floop-unroll-and-jam -fpeel-loops -fpredictive-commoning -fsplit-loops -fsplit-paths -ftree-loop-vectorize -ftree-partial-pre -ftree-slp-vectorize -funswitch-loops -fvect-cost-model -fvect-cost-model=dynamic -fversion-loops-for-strides ,0.00000833,5,14952
linear-algebra/blas/gesummv/gesummv,-floop-interchange -floop-unroll-and-jam -fpeel-loops -fpredictive-commoning -fsplit-loops -ftree-loop-distribution -ftree-loop-vectorize -ftree-partial-pre -ftree-slp-vectorize -funswitch-loops -fvect-cost-model -fvect-cost-model=dynamic -fversion-loops-for-strides ,0.00000900,0,14952
linear-algebra/blas/gesummv/gesummv,-floop-interchange -floop-unroll-and-jam -fpeel-loops -fpredictive-commoning -fsplit-paths -ftree-loop-distribution -ftree-loop-vectorize -ftree-partial-pre -ftree-slp-vectorize -funswitch-loops -fvect-cost-model -fvect-cost-model=dynamic -fversion-loops-for-strides ,0.00000800,0,14952
linear-algebra/blas/gesummv/gesummv,-floop-interchange -floop-unroll-and-jam -fpeel-loops -fsplit-loops -fsplit-paths -ftree-loop-distribution -ftree-loop-vectorize -ftree-partial-pre -ftree-slp-vectorize -funswitch-loops -fvect-cost-model -fvect-cost-model=dynamic -fversion-loops-for-strides ,0.00000800,0,14952
linear-algebra/blas/gesummv/gesummv,-floop-interchange -floop-unroll-and-jam -fpredictive-commoning -fsplit-loops -fsplit-paths -ftree-loop-distribution -ftree-loop-vectorize -ftree-partial-pre -ftree-slp-vectorize -funswitch-loops -fvect-cost-model -fvect-cost-model=dynamic -fversion-loops-for-strides ,0.00000800,0,14952
linear-algebra/blas/gesummv/gesummv,-floop-interchange -fpeel-loops -fpredictive-commoning -fsplit-loops -fsplit-paths -ftree-loop-distribution -ftree-loop-vectorize -ftree-partial-pre -ftree-slp-vectorize -funswitch-loops -fvect-cost-model -fvect-cost-model=dynamic -fversion-loops-for-strides ,0.00000866,5,14952
linear-algebra/blas/gesummv/gesummv,-floop-unroll-and-jam -fpeel-loops -fpredictive-commoning -fsplit-loops -fsplit-paths -ftree-loop-distribution -ftree-loop-vectorize -ftree-partial-pre -ftree-slp-vectorize -funswitch-loops -fvect-cost-model -fvect-cost-model=dynamic -fversion-loops-for-strides ,0.00000866,5,14952
linear-algebra/blas/gesummv/gesummv,-fgcse-after-reload -fipa-cp-clone -floop-interchange -floop-unroll-and-jam -fpeel-loops -fpredictive-commoning -fsplit-loops -fsplit-paths -ftree-loop-distribution -ftree-loop-vectorize -ftree-partial-pre -ftree-slp-vectorize -funswitch-loops -fvect-cost-model ,0.00000900,0,14952
linear-algebra/blas/gesummv/gesummv,-fgcse-after-reload -fipa-cp-clone -floop-interchange -floop-unroll-and-jam -fpeel-loops -fpredictive-commoning -fsplit-loops -fsplit-paths -ftree-loop-distribution -ftree-loop-vectorize -ftree-partial-pre -ftree-slp-vectorize -funswitch-loops -fvect-cost-model=dynamic ,0.00000966,5,14952
linear-algebra/blas/gesummv/gesummv,-fgcse-after-reload -fipa-cp-clone -floop-interchange -floop-unroll-and-jam -fpeel-loops -fpredictive-commoning -fsplit-loops -fsplit-paths -ftree-loop-distribution -ftree-loop-vectorize -ftree-partial-pre -ftree-slp-vectorize -funswitch-loops -fversion-loops-for-strides ,0.00000900,0,14952
linear-algebra/blas/gesummv/gesummv,-fgcse-after-reload -fipa-cp-clone -floop-interchange -floop-unroll-and-jam -fpeel-loops -fpredictive-commoning -fsplit-loops -fsplit-paths -ftree-loop-distribution -ftree-loop-vectorize -ftree-partial-pre -ftree-slp-vectorize -fvect-cost-model -fvect-cost-model=dynamic ,0.00000900,0,14952
linear-algebra/blas/gesummv/gesummv,-fgcse-after-reload -fipa-cp-clone -floop-interchange -floop-unroll-and-jam -fpeel-loops -fpredictive-commoning -fsplit-loops -fsplit-paths -ftree-loop-distribution -ftree-loop-vectorize -ftree-partial-pre -ftree-slp-vectorize -fvect-cost-model -fversion-loops-for-strides ,0.00000900,0,14952
linear-algebra/blas/gesummv/gesummv,-fgcse-after-reload -fipa-cp-clone -floop-interchange -floop-unroll-and-jam -fpeel-loops -fpredictive-commoning -fsplit-loops -fsplit-paths -ftree-loop-distribution -ftree-loop-vectorize -ftree-partial-pre -ftree-slp-vectorize -fvect-cost-model=dynamic -fversion-loops-for-strides ,0.00000900,0,14952
linear-algebra/blas/gesummv/gesummv,-fgcse-after-reload -fipa-cp-clone -floop-interchange -floop-unroll-and-jam -fpeel-loops -fpredictive-commoning -fsplit-loops -fsplit-paths -ftree-loop-distribution -ftree-loop-vectorize -ftree-partial-pre -funswitch-loops -fvect-cost-model -fvect-cost-model=dynamic ,0.00000866,5,14952
linear-algebra/blas/gesummv/gesummv,-fgcse-after-reload -fipa-cp-clone -floop-interchange -floop-unroll-and-jam -fpeel-loops -fpredictive-commoning -fsplit-loops -fsplit-paths -ftree-loop-distribution -ftree-loop-vectorize -ftree-partial-pre -funswitch-loops -fvect-cost-model -fversion-loops-for-strides ,0.00000866,5,14952
linear-algebra/blas/gesummv/gesummv,-fgcse-after-reload -fipa-cp-clone -floop-interchange -floop-unroll-and-jam -fpeel-loops -fpredictive-commoning -fsplit-loops -fsplit-paths -ftree-loop-distribution -ftree-loop-vectorize -ftree-partial-pre -funswitch-loops -fvect-cost-model=dynamic -fversion-loops-for-strides ,0.00000833,5,14952
linear-algebra/blas/gesummv/gesummv,-fgcse-after-reload -fipa-cp-clone -floop-interchange -floop-unroll-and-jam -fpeel-loops -fpredictive-commoning -fsplit-loops -fsplit-paths -ftree-loop-distribution -ftree-loop-vectorize -ftree-partial-pre -fvect-cost-model -fvect-cost-model=dynamic -fversion-loops-for-strides ,0.00000833,5,14952
linear-algebra/blas/gesummv/gesummv,-fgcse-after-reload -fipa-cp-clone -floop-interchange -floop-unroll-and-jam -fpeel-loops -fpredictive-commoning -fsplit-loops -fsplit-paths -ftree-loop-distribution -ftree-loop-vectorize -ftree-slp-vectorize -funswitch-loops -fvect-cost-model -fvect-cost-model=dynamic ,0.00000833,5,14952
linear-algebra/blas/gesummv/gesummv,-fgcse-after-reload -fipa-cp-clone -floop-interchange -floop-unroll-and-jam -fpeel-loops -fpredictive-commoning -fsplit-loops -fsplit-paths -ftree-loop-distribution -ftree-loop-vectorize -ftree-slp-vectorize -funswitch-loops -fvect-cost-model -fversion-loops-for-strides ,0.00000800,0,14952
linear-algebra/blas/gesummv/gesummv,-fgcse-after-reload -fipa-cp-clone -floop-interchange -floop-unroll-and-jam -fpeel-loops -fpredictive-commoning -fsplit-loops -fsplit-paths -ftree-loop-distribution -ftree-loop-vectorize -ftree-slp-vectorize -funswitch-loops -fvect-cost-model=dynamic -fversion-loops-for-strides ,0.00000833,5,14952
linear-algebra/blas/gesummv/gesummv,-fgcse-after-reload -fipa-cp-clone -floop-interchange -floop-unroll-and-jam -fpeel-loops -fpredictive-commoning -fsplit-loops -fsplit-paths -ftree-loop-distribution -ftree-loop-vectorize -ftree-slp-vectorize -fvect-cost-model -fvect-cost-model=dynamic -fversion-loops-for-strides ,0.00000866,5,14952
linear-algebra/blas/gesummv/gesummv,-fgcse-after-reload -fipa-cp-clone -floop-interchange -floop-unroll-and-jam -fpeel-loops -fpredictive-commoning -fsplit-loops -fsplit-paths -ftree-loop-distribution -ftree-loop-vectorize -funswitch-loops -fvect-cost-model -fvect-cost-model=dynamic -fversion-loops-for-strides ,0.00000933,5,14952
linear-algebra/blas/gesummv/gesummv,-fgcse-after-reload -fipa-cp-clone -floop-interchange -floop-unroll-and-jam -fpeel-loops -fpredictive-commoning -fsplit-loops -fsplit-paths -ftree-loop-distribution -ftree-partial-pre -ftree-slp-vectorize -funswitch-loops -fvect-cost-model -fvect-cost-model=dynamic ,0.00000833,5,14928
linear-algebra/blas/gesummv/gesummv,-fgcse-after-reload -fipa-cp-clone -floop-interchange -floop-unroll-and-jam -fpeel-loops -fpredictive-commoning -fsplit-loops -fsplit-paths -ftree-loop-distribution -ftree-partial-pre -ftree-slp-vectorize -funswitch-loops -fvect-cost-model -fversion-loops-for-strides ,0.00000833,5,14928
linear-algebra/blas/gesummv/gesummv,-fgcse-after-reload -fipa-cp-clone -floop-interchange -floop-unroll-and-jam -fpeel-loops -fpredictive-commoning -fsplit-loops -fsplit-paths -ftree-loop-distribution -ftree-partial-pre -ftree-slp-vectorize -funswitch-loops -fvect-cost-model=dynamic -fversion-loops-for-strides ,0.00000833,5,14928
linear-algebra/blas/gesummv/gesummv,-fgcse-after-reload -fipa-cp-clone -floop-interchange -floop-unroll-and-jam -fpeel-loops -fpredictive-commoning -fsplit-loops -fsplit-paths -ftree-loop-distribution -ftree-partial-pre -ftree-slp-vectorize -fvect-cost-model -fvect-cost-model=dynamic -fversion-loops-for-strides ,0.00000833,5,14928
linear-algebra/blas/gesummv/gesummv,-fgcse-after-reload -fipa-cp-clone -floop-interchange -floop-unroll-and-jam -fpeel-loops -fpredictive-commoning -fsplit-loops -fsplit-paths -ftree-loop-distribution -ftree-partial-pre -funswitch-loops -fvect-cost-model -fvect-cost-model=dynamic -fversion-loops-for-strides ,0.00000900,0,14928
linear-algebra/blas/gesummv/gesummv,-fgcse-after-reload -fipa-cp-clone -floop-interchange -floop-unroll-and-jam -fpeel-loops -fpredictive-commoning -fsplit-loops -fsplit-paths -ftree-loop-distribution -ftree-slp-vectorize -funswitch-loops -fvect-cost-model -fvect-cost-model=dynamic -fversion-loops-for-strides ,0.00000866,5,14928
linear-algebra/blas/gesummv/gesummv,-fgcse-after-reload -fipa-cp-clone -floop-interchange -floop-unroll-and-jam -fpeel-loops -fpredictive-commoning -fsplit-loops -fsplit-paths -ftree-loop-vectorize -ftree-partial-pre -ftree-slp-vectorize -funswitch-loops -fvect-cost-model -fvect-cost-model=dynamic ,0.00000900,0,14952
linear-algebra/blas/gesummv/gesummv,-fgcse-after-reload -fipa-cp-clone -floop-interchange -floop-unroll-and-jam -fpeel-loops -fpredictive-commoning -fsplit-loops -fsplit-paths -ftree-loop-vectorize -ftree-partial-pre -ftree-slp-vectorize -funswitch-loops -fvect-cost-model -fversion-loops-for-strides ,0.00000866,5,14952
linear-algebra/blas/gesummv/gesummv,-fgcse-after-reload -fipa-cp-clone -floop-interchange -floop-unroll-and-jam -fpeel-loops -fpredictive-commoning -fsplit-loops -fsplit-paths -ftree-loop-vectorize -ftree-partial-pre -ftree-slp-vectorize -funswitch-loops -fvect-cost-model=dynamic -fversion-loops-for-strides ,0.00000833,5,14952
linear-algebra/blas/gesummv/gesummv,-fgcse-after-reload -fipa-cp-clone -floop-interchange -floop-unroll-and-jam -fpeel-loops -fpredictive-commoning -fsplit-loops -fsplit-paths -ftree-loop-vectorize -ftree-partial-pre -ftree-slp-vectorize -fvect-cost-model -fvect-cost-model=dynamic -fversion-loops-for-strides ,0.00000900,0,14952
linear-algebra/blas/gesummv/gesummv,-fgcse-after-reload -fipa-cp-clone -floop-interchange -floop-unroll-and-jam -fpeel-loops -fpredictive-commoning -fsplit-loops -fsplit-paths -ftree-loop-vectorize -ftree-partial-pre -funswitch-loops -fvect-cost-model -fvect-cost-model=dynamic -fversion-loops-for-strides ,0.00000866,5,14952
linear-algebra/blas/gesummv/gesummv,-fgcse-after-reload -fipa-cp-clone -floop-interchange -floop-unroll-and-jam -fpeel-loops -fpredictive-commoning -fsplit-loops -fsplit-paths -ftree-loop-vectorize -ftree-slp-vectorize -funswitch-loops -fvect-cost-model -fvect-cost-model=dynamic -fversion-loops-for-strides ,0.00000800,0,14952
linear-algebra/blas/gesummv/gesummv,-fgcse-after-reload -fipa-cp-clone -floop-interchange -floop-unroll-and-jam -fpeel-loops -fpredictive-commoning -fsplit-loops -fsplit-paths -ftree-partial-pre -ftree-slp-vectorize -funswitch-loops -fvect-cost-model -fvect-cost-model=dynamic -fversion-loops-for-strides ,0.00000833,5,14928
linear-algebra/blas/gesummv/gesummv,-fgcse-after-reload -fipa-cp-clone -floop-interchange -floop-unroll-and-jam -fpeel-loops -fpredictive-commoning -fsplit-loops -ftree-loop-distribution -ftree-loop-vectorize -ftree-partial-pre -ftree-slp-vectorize -funswitch-loops -fvect-cost-model -fvect-cost-model=dynamic ,0.00000800,0,14952
linear-algebra/blas/gesummv/gesummv,-fgcse-after-reload -fipa-cp-clone -floop-interchange -floop-unroll-and-jam -fpeel-loops -fpredictive-commoning -fsplit-loops -ftree-loop-distribution -ftree-loop-vectorize -ftree-partial-pre -ftree-slp-vectorize -funswitch-loops -fvect-cost-model -fversion-loops-for-strides ,0.00000833,5,14952
linear-algebra/blas/gesummv/gesummv,-fgcse-after-reload -fipa-cp-clone -floop-interchange -floop-unroll-and-jam -fpeel-loops -fpredictive-commoning -fsplit-loops -ftree-loop-distribution -ftree-loop-vectorize -ftree-partial-pre -ftree-slp-vectorize -funswitch-loops -fvect-cost-model=dynamic -fversion-loops-for-strides ,0.00000900,0,14952
linear-algebra/blas/gesummv/gesummv,-fgcse-after-reload -fipa-cp-clone -floop-interchange -floop-unroll-and-jam -fpeel-loops -fpredictive-commoning -fsplit-loops -ftree-loop-distribution -ftree-loop-vectorize -ftree-partial-pre -ftree-slp-vectorize -fvect-cost-model -fvect-cost-model=dynamic -fversion-loops-for-strides ,0.00000900,0,14952
linear-algebra/blas/gesummv/gesummv,-fgcse-after-reload -fipa-cp-clone -floop-interchange -floop-unroll-and-jam -fpeel-loops -fpredictive-commoning -fsplit-loops -ftree-loop-distribution -ftree-loop-vectorize -ftree-partial-pre -funswitch-loops -fvect-cost-model -fvect-cost-model=dynamic -fversion-loops-for-strides ,0.00000866,5,14952
linear-algebra/blas/gesummv/gesummv,-fgcse-after-reload -fipa-cp-clone -floop-interchange -floop-unroll-and-jam -fpeel-loops -fpredictive-commoning -fsplit-loops -ftree-loop-distribution -ftree-loop-vectorize -ftree-slp-vectorize -funswitch-loops -fvect-cost-model -fvect-cost-model=dynamic -fversion-loops-for-strides ,0.00000800,0,14952
linear-algebra/blas/gesummv/gesummv,-fgcse-after-reload -fipa-cp-clone -floop-interchange -floop-unroll-and-jam -fpeel-loops -fpredictive-commoning -fsplit-loops -ftree-loop-distribution -ftree-partial-pre -ftree-slp-vectorize -funswitch-loops -fvect-cost-model -fvect-cost-model=dynamic -fversion-loops-for-strides ,0.00000833,5,14928
linear-algebra/blas/gesummv/gesummv,-fgcse-after-reload -fipa-cp-clone -floop-interchange -floop-unroll-and-jam -fpeel-loops -fpredictive-commoning -fsplit-loops -ftree-loop-vectorize -ftree-partial-pre -ftree-slp-vectorize -funswitch-loops -fvect-cost-model -fvect-cost-model=dynamic -fversion-loops-for-strides ,0.00000866,5,14952
linear-algebra/blas/gesummv/gesummv,-fgcse-after-reload -fipa-cp-clone -floop-interchange -floop-unroll-and-jam -fpeel-loops -fpredictive-commoning -fsplit-paths -ftree-loop-distribution -ftree-loop-vectorize -ftree-partial-pre -ftree-slp-vectorize -funswitch-loops -fvect-cost-model -fvect-cost-model=dynamic ,0.00000900,0,14952
linear-algebra/blas/gesummv/gesummv,-fgcse-after-reload -fipa-cp-clone -floop-interchange -floop-unroll-and-jam -fpeel-loops -fpredictive-commoning -fsplit-paths -ftree-loop-distribution -ftree-loop-vectorize -ftree-partial-pre -ftree-slp-vectorize -funswitch-loops -fvect-cost-model -fversion-loops-for-strides ,0.00000900,0,14952
linear-algebra/blas/gesummv/gesummv,-fgcse-after-reload -fipa-cp-clone -floop-interchange -floop-unroll-and-jam -fpeel-loops -fpredictive-commoning -fsplit-paths -ftree-loop-distribution -ftree-loop-vectorize -ftree-partial-pre -ftree-slp-vectorize -funswitch-loops -fvect-cost-model=dynamic -fversion-loops-for-strides ,0.00000933,5,14952
linear-algebra/blas/gesummv/gesummv,-fgcse-after-reload -fipa-cp-clone -floop-interchange -floop-unroll-and-jam -fpeel-loops -fpredictive-commoning -fsplit-paths -ftree-loop-distribution -ftree-loop-vectorize -ftree-partial-pre -ftree-slp-vectorize -fvect-cost-model -fvect-cost-model=dynamic -fversion-loops-for-strides ,0.00000966,5,14952
linear-algebra/blas/gesummv/gesummv,-fgcse-after-reload -fipa-cp-clone -floop-interchange -floop-unroll-and-jam -fpeel-loops -fpredictive-commoning -fsplit-paths -ftree-loop-distribution -ftree-loop-vectorize -ftree-partial-pre -funswitch-loops -fvect-cost-model -fvect-cost-model=dynamic -fversion-loops-for-strides ,0.00000933,5,14952
linear-algebra/blas/gesummv/gesummv,-fgcse-after-reload -fipa-cp-clone -floop-interchange -floop-unroll-and-jam -fpeel-loops -fpredictive-commoning -fsplit-paths -ftree-loop-distribution -ftree-loop-vectorize -ftree-slp-vectorize -funswitch-loops -fvect-cost-model -fvect-cost-model=dynamic -fversion-loops-for-strides ,0.00000966,5,14952
linear-algebra/blas/gesummv/gesummv,-fgcse-after-reload -fipa-cp-clone -floop-interchange -floop-unroll-and-jam -fpeel-loops -fpredictive-commoning -fsplit-paths -ftree-loop-distribution -ftree-partial-pre -ftree-slp-vectorize -funswitch-loops -fvect-cost-model -fvect-cost-model=dynamic -fversion-loops-for-strides ,0.00001033,5,14928
linear-algebra/blas/gesummv/gesummv,-fgcse-after-reload -fipa-cp-clone -floop-interchange -floop-unroll-and-jam -fpeel-loops -fpredictive-commoning -fsplit-paths -ftree-loop-vectorize -ftree-partial-pre -ftree-slp-vectorize -funswitch-loops -fvect-cost-model -fvect-cost-model=dynamic -fversion-loops-for-strides ,0.00001033,5,14952
linear-algebra/blas/gesummv/gesummv,-fgcse-after-reload -fipa-cp-clone -floop-interchange -floop-unroll-and-jam -fpeel-loops -fpredictive-commoning -ftree-loop-distribution -ftree-loop-vectorize -ftree-partial-pre -ftree-slp-vectorize -funswitch-loops -fvect-cost-model -fvect-cost-model=dynamic -fversion-loops-for-strides ,0.00000900,0,14952
linear-algebra/blas/gesummv/gesummv,-fgcse-after-reload -fipa-cp-clone -floop-interchange -floop-unroll-and-jam -fpeel-loops -fsplit-loops -fsplit-paths -ftree-loop-distribution -ftree-loop-vectorize -ftree-partial-pre -ftree-slp-vectorize -funswitch-loops -fvect-cost-model -fvect-cost-model=dynamic ,0.00000933,5,14952
linear-algebra/blas/gesummv/gesummv,-fgcse-after-reload -fipa-cp-clone -floop-interchange -floop-unroll-and-jam -fpeel-loops -fsplit-loops -fsplit-paths -ftree-loop-distribution -ftree-loop-vectorize -ftree-partial-pre -ftree-slp-vectorize -funswitch-loops -fvect-cost-model -fversion-loops-for-strides ,0.00000866,5,14952
linear-algebra/blas/gesummv/gesummv,-fgcse-after-reload -fipa-cp-clone -floop-interchange -floop-unroll-and-jam -fpeel-loops -fsplit-loops -fsplit-paths -ftree-loop-distribution -ftree-loop-vectorize -ftree-partial-pre -ftree-slp-vectorize -funswitch-loops -fvect-cost-model=dynamic -fversion-loops-for-strides ,0.00000933,5,14952
linear-algebra/blas/gesummv/gesummv,-fgcse-after-reload -fipa-cp-clone -floop-interchange -floop-unroll-and-jam -fpeel-loops -fsplit-loops -fsplit-paths -ftree-loop-distribution -ftree-loop-vectorize -ftree-partial-pre -ftree-slp-vectorize -fvect-cost-model -fvect-cost-model=dynamic -fversion-loops-for-strides ,0.00001000,0,14952
linear-algebra/blas/gesummv/gesummv,-fgcse-after-reload -fipa-cp-clone -floop-interchange -floop-unroll-and-jam -fpeel-loops -fsplit-loops -fsplit-paths -ftree-loop-distribution -ftree-loop-vectorize -ftree-partial-pre -funswitch-loops -fvect-cost-model -fvect-cost-model=dynamic -fversion-loops-for-strides ,0.00000866,5,14952
linear-algebra/blas/gesummv/gesummv,-fgcse-after-reload -fipa-cp-clone -floop-interchange -floop-unroll-and-jam -fpeel-loops -fsplit-loops -fsplit-paths -ftree-loop-distribution -ftree-loop-vectorize -ftree-slp-vectorize -funswitch-loops -fvect-cost-model -fvect-cost-model=dynamic -fversion-loops-for-strides ,0.00000866,5,14952
linear-algebra/blas/gesummv/gesummv,-fgcse-after-reload -fipa-cp-clone -floop-interchange -floop-unroll-and-jam -fpeel-loops -fsplit-loops -fsplit-paths -ftree-loop-distribution -ftree-partial-pre -ftree-slp-vectorize -funswitch-loops -fvect-cost-model -fvect-cost-model=dynamic -fversion-loops-for-strides ,0.00000866,5,14928
linear-algebra/blas/gesummv/gesummv,-fgcse-after-reload -fipa-cp-clone -floop-interchange -floop-unroll-and-jam -fpeel-loops -fsplit-loops -fsplit-paths -ftree-loop-vectorize -ftree-partial-pre -ftree-slp-vectorize -funswitch-loops -fvect-cost-model -fvect-cost-model=dynamic -fversion-loops-for-strides ,0.00000966,5,14952
linear-algebra/blas/gesummv/gesummv,-fgcse-after-reload -fipa-cp-clone -floop-interchange -floop-unroll-and-jam -fpeel-loops -fsplit-loops -ftree-loop-distribution -ftree-loop-vectorize -ftree-partial-pre -ftree-slp-vectorize -funswitch-loops -fvect-cost-model -fvect-cost-model=dynamic -fversion-loops-for-strides ,0.00001033,5,14952
linear-algebra/blas/gesummv/gesummv,-fgcse-after-reload -fipa-cp-clone -floop-interchange -floop-unroll-and-jam -fpeel-loops -fsplit-paths -ftree-loop-distribution -ftree-loop-vectorize -ftree-partial-pre -ftree-slp-vectorize -funswitch-loops -fvect-cost-model -fvect-cost-model=dynamic -fversion-loops-for-strides ,0.00000900,0,14952
linear-algebra/blas/gesummv/gesummv,-fgcse-after-reload -fipa-cp-clone -floop-interchange -floop-unroll-and-jam -fpredictive-commoning -fsplit-loops -fsplit-paths -ftree-loop-distribution -ftree-loop-vectorize -ftree-partial-pre -ftree-slp-vectorize -funswitch-loops -fvect-cost-model -fvect-cost-model=dynamic ,0.00000866,5,14952
linear-algebra/blas/gesummv/gesummv,-fgcse-after-reload -fipa-cp-clone -floop-interchange -floop-unroll-and-jam -fpredictive-commoning -fsplit-loops -fsplit-paths -ftree-loop-distribution -ftree-loop-vectorize -ftree-partial-pre -ftree-slp-vectorize -funswitch-loops -fvect-cost-model -fversion-loops-for-strides ,0.00000966,5,14952
linear-algebra/blas/gesummv/gesummv,-fgcse-after-reload -fipa-cp-clone -floop-interchange -floop-unroll-and-jam -fpredictive-commoning -fsplit-loops -fsplit-paths -ftree-loop-distribution -ftree-loop-vectorize -ftree-partial-pre -ftree-slp-vectorize -funswitch-loops -fvect-cost-model=dynamic -fversion-loops-for-strides ,0.00000966,5,14952
linear-algebra/blas/gesummv/gesummv,-fgcse-after-reload -fipa-cp-clone -floop-interchange -floop-unroll-and-jam -fpredictive-commoning -fsplit-loops -fsplit-paths -ftree-loop-distribution -ftree-loop-vectorize -ftree-partial-pre -ftree-slp-vectorize -fvect-cost-model -fvect-cost-model=dynamic -fversion-loops-for-strides ,0.00001000,5,14952
linear-algebra/blas/gesummv/gesummv,-fgcse-after-reload -fipa-cp-clone -floop-interchange -floop-unroll-and-jam -fpredictive-commoning -fsplit-loops -fsplit-paths -ftree-loop-distribution -ftree-loop-vectorize -ftree-partial-pre -funswitch-loops -fvect-cost-model -fvect-cost-model=dynamic -fversion-loops-for-strides ,0.00001133,5,14952
linear-algebra/blas/gesummv/gesummv,-fgcse-after-reload -fipa-cp-clone -floop-interchange -floop-unroll-and-jam -fpredictive-commoning -fsplit-loops -fsplit-paths -ftree-loop-distribution -ftree-loop-vectorize -ftree-slp-vectorize -funswitch-loops -fvect-cost-model -fvect-cost-model=dynamic -fversion-loops-for-strides ,0.00001000,5,14952
linear-algebra/blas/gesummv/gesummv,-fgcse-after-reload -fipa-cp-clone -floop-interchange -floop-unroll-and-jam -fpredictive-commoning -fsplit-loops -fsplit-paths -ftree-loop-distribution -ftree-partial-pre -ftree-slp-vectorize -funswitch-loops -fvect-cost-model -fvect-cost-model=dynamic -fversion-loops-for-strides ,0.00001000,0,14928
linear-algebra/blas/gesummv/gesummv,-fgcse-after-reload -fipa-cp-clone -floop-interchange -floop-unroll-and-jam -fpredictive-commoning -fsplit-loops -fsplit-paths -ftree-loop-vectorize -ftree-partial-pre -ftree-slp-vectorize -funswitch-loops -fvect-cost-model -fvect-cost-model=dynamic -fversion-loops-for-strides ,0.00000933,5,14952
linear-algebra/blas/gesummv/gesummv,-fgcse-after-reload -fipa-cp-clone -floop-interchange -floop-unroll-and-jam -fpredictive-commoning -fsplit-loops -ftree-loop-distribution -ftree-loop-vectorize -ftree-partial-pre -ftree-slp-vectorize -funswitch-loops -fvect-cost-model -fvect-cost-model=dynamic -fversion-loops-for-strides ,0.00000900,0,14952
linear-algebra/blas/gesummv/gesummv,-fgcse-after-reload -fipa-cp-clone -floop-interchange -floop-unroll-and-jam -fpredictive-commoning -fsplit-paths -ftree-loop-distribution -ftree-loop-vectorize -ftree-partial-pre -ftree-slp-vectorize -funswitch-loops -fvect-cost-model -fvect-cost-model=dynamic -fversion-loops-for-strides ,0.00000933,5,14952
linear-algebra/blas/gesummv/gesummv,-fgcse-after-reload -fipa-cp-clone -floop-interchange -floop-unroll-and-jam -fsplit-loops -fsplit-paths -ftree-loop-distribution -ftree-loop-vectorize -ftree-partial-pre -ftree-slp-vectorize -funswitch-loops -fvect-cost-model -fvect-cost-model=dynamic -fversion-loops-for-strides ,0.00000966,5,14952
linear-algebra/blas/gesummv/gesummv,-fgcse-after-reload -fipa-cp-clone -floop-interchange -fpeel-loops -fpredictive-commoning -fsplit-loops -fsplit-paths -ftree-loop-distribution -ftree-loop-vectorize -ftree-partial-pre -ftree-slp-vectorize -funswitch-loops -fvect-cost-model -fvect-cost-model=dynamic ,0.00001166,5,14952
linear-algebra/blas/gesummv/gesummv,-fgcse-after-reload -fipa-cp-clone -floop-interchange -fpeel-loops -fpredictive-commoning -fsplit-loops -fsplit-paths -ftree-loop-distribution -ftree-loop-vectorize -ftree-partial-pre -ftree-slp-vectorize -funswitch-loops -fvect-cost-model -fversion-loops-for-strides ,0.00000966,5,14952
linear-algebra/blas/gesummv/gesummv,-fgcse-after-reload -fipa-cp-clone -floop-interchange -fpeel-loops -fpredictive-commoning -fsplit-loops -fsplit-paths -ftree-loop-distribution -ftree-loop-vectorize -ftree-partial-pre -ftree-slp-vectorize -funswitch-loops -fvect-cost-model=dynamic -fversion-loops-for-strides ,0.00000900,0,14952
linear-algebra/blas/gesummv/gesummv,-fgcse-after-reload -fipa-cp-clone -floop-interchange -fpeel-loops -fpredictive-commoning -fsplit-loops -fsplit-paths -ftree-loop-distribution -ftree-loop-vectorize -ftree-partial-pre -ftree-slp-vectorize -fvect-cost-model -fvect-cost-model=dynamic -fversion-loops-for-strides ,0.00000900,5,14952
linear-algebra/blas/gesummv/gesummv,-fgcse-after-reload -fipa-cp-clone -floop-interchange -fpeel-loops -fpredictive-commoning -fsplit-loops -fsplit-paths -ftree-loop-distribution -ftree-loop-vectorize -ftree-partial-pre -funswitch-loops -fvect-cost-model -fvect-cost-model=dynamic -fversion-loops-for-strides ,0.00000966,5,14952
linear-algebra/blas/gesummv/gesummv,-fgcse-after-reload -fipa-cp-clone -floop-interchange -fpeel-loops -fpredictive-commoning -fsplit-loops -fsplit-paths -ftree-loop-distribution -ftree-loop-vectorize -ftree-slp-vectorize -funswitch-loops -fvect-cost-model -fvect-cost-model=dynamic -fversion-loops-for-strides ,0.00000900,0,14952
linear-algebra/blas/gesummv/gesummv,-fgcse-after-reload -fipa-cp-clone -floop-interchange -fpeel-loops -fpredictive-commoning -fsplit-loops -fsplit-paths -ftree-loop-distribution -ftree-partial-pre -ftree-slp-vectorize -funswitch-loops -fvect-cost-model -fvect-cost-model=dynamic -fversion-loops-for-strides ,0.00001000,5,14928
linear-algebra/blas/gesummv/gesummv,-fgcse-after-reload -fipa-cp-clone -floop-interchange -fpeel-loops -fpredictive-commoning -fsplit-loops -fsplit-paths -ftree-loop-vectorize -ftree-partial-pre -ftree-slp-vectorize -funswitch-loops -fvect-cost-model -fvect-cost-model=dynamic -fversion-loops-for-strides ,0.00000900,5,14952
linear-algebra/blas/gesummv/gesummv,-fgcse-after-reload -fipa-cp-clone -floop-interchange -fpeel-loops -fpredictive-commoning -fsplit-loops -ftree-loop-distribution -ftree-loop-vectorize -ftree-partial-pre -ftree-slp-vectorize -funswitch-loops -fvect-cost-model -fvect-cost-model=dynamic -fversion-loops-for-strides ,0.00000900,0,14952
linear-algebra/blas/gesummv/gesummv,-fgcse-after-reload -fipa-cp-clone -floop-interchange -fpeel-loops -fpredictive-commoning -fsplit-paths -ftree-loop-distribution -ftree-loop-vectorize -ftree-partial-pre -ftree-slp-vectorize -funswitch-loops -fvect-cost-model -fvect-cost-model=dynamic -fversion-loops-for-strides ,0.00001033,5,14952
linear-algebra/blas/gesummv/gesummv,-fgcse-after-reload -fipa-cp-clone -floop-interchange -fpeel-loops -fsplit-loops -fsplit-paths -ftree-loop-distribution -ftree-loop-vectorize -ftree-partial-pre -ftree-slp-vectorize -funswitch-loops -fvect-cost-model -fvect-cost-model=dynamic -fversion-loops-for-strides ,0.00001000,0,14952
linear-algebra/blas/gesummv/gesummv,-fgcse-after-reload -fipa-cp-clone -floop-interchange -fpredictive-commoning -fsplit-loops -fsplit-paths -ftree-loop-distribution -ftree-loop-vectorize -ftree-partial-pre -ftree-slp-vectorize -funswitch-loops -fvect-cost-model -fvect-cost-model=dynamic -fversion-loops-for-strides ,0.00001033,5,14952
linear-algebra/blas/gesummv/gesummv,-fgcse-after-reload -fipa-cp-clone -floop-unroll-and-jam -fpeel-loops -fpredictive-commoning -fsplit-loops -fsplit-paths -ftree-loop-distribution -ftree-loop-vectorize -ftree-partial-pre -ftree-slp-vectorize -funswitch-loops -fvect-cost-model -fvect-cost-model=dynamic ,0.00001100,0,14952
linear-algebra/blas/gesummv/gesummv,-fgcse-after-reload -fipa-cp-clone -floop-unroll-and-jam -fpeel-loops -fpredictive-commoning -fsplit-loops -fsplit-paths -ftree-loop-distribution -ftree-loop-vectorize -ftree-partial-pre -ftree-slp-vectorize -funswitch-loops -fvect-cost-model -fversion-loops-for-strides ,0.00000966,5,14952
linear-algebra/blas/gesummv/gesummv,-fgcse-after-reload -fipa-cp-clone -floop-unroll-and-jam -fpeel-loops -fpredictive-commoning -fsplit-loops -fsplit-paths -ftree-loop-distribution -ftree-loop-vectorize -ftree-partial-pre -ftree-slp-vectorize -funswitch-loops -fvect-cost-model=dynamic -fversion-loops-for-strides ,0.00001000,5,14952
linear-algebra/blas/gesummv/gesummv,-fgcse-after-reload -fipa-cp-clone -floop-unroll-and-jam -fpeel-loops -fpredictive-commoning -fsplit-loops -fsplit-paths -ftree-loop-distribution -ftree-loop-vectorize -ftree-partial-pre -ftree-slp-vectorize -fvect-cost-model -fvect-cost-model=dynamic -fversion-loops-for-strides ,0.00000933,5,14952
linear-algebra/blas/gesummv/gesummv,-fgcse-after-reload -fipa-cp-clone -floop-unroll-and-jam -fpeel-loops -fpredictive-commoning -fsplit-loops -fsplit-paths -ftree-loop-distribution -ftree-loop-vectorize -ftree-partial-pre -funswitch-loops -fvect-cost-model -fvect-cost-model=dynamic -fversion-loops-for-strides ,0.00001000,5,14952
linear-algebra/blas/gesummv/gesummv,-fgcse-after-reload -fipa-cp-clone -floop-unroll-and-jam -fpeel-loops -fpredictive-commoning -fsplit-loops -fsplit-paths -ftree-loop-distribution -ftree-loop-vectorize -ftree-slp-vectorize -funswitch-loops -fvect-cost-model -fvect-cost-model=dynamic -fversion-loops-for-strides ,0.00000900,0,14952
linear-algebra/blas/gesummv/gesummv,-fgcse-after-reload -fipa-cp-clone -floop-unroll-and-jam -fpeel-loops -fpredictive-commoning -fsplit-loops -fsplit-paths -ftree-loop-distribution -ftree-partial-pre -ftree-slp-vectorize -funswitch-loops -fvect-cost-model -fvect-cost-model=dynamic -fversion-loops-for-strides ,0.00000966,5,14928
linear-algebra/blas/gesummv/gesummv,-fgcse-after-reload -fipa-cp-clone -floop-unroll-and-jam -fpeel-loops -fpredictive-commoning -fsplit-loops -fsplit-paths -ftree-loop-vectorize -ftree-partial-pre -ftree-slp-vectorize -funswitch-loops -fvect-cost-model -fvect-cost-model=dynamic -fversion-loops-for-strides ,0.00000933,5,14952
linear-algebra/blas/gesummv/gesummv,-fgcse-after-reload -fipa-cp-clone -floop-unroll-and-jam -fpeel-loops -fpredictive-commoning -fsplit-loops -ftree-loop-distribution -ftree-loop-vectorize -ftree-partial-pre -ftree-slp-vectorize -funswitch-loops -fvect-cost-model -fvect-cost-model=dynamic -fversion-loops-for-strides ,0.00000933,5,14952
linear-algebra/blas/gesummv/gesummv,-fgcse-after-reload -fipa-cp-clone -floop-unroll-and-jam -fpeel-loops -fpredictive-commoning -fsplit-paths -ftree-loop-distribution -ftree-loop-vectorize -ftree-partial-pre -ftree-slp-vectorize -funswitch-loops -fvect-cost-model -fvect-cost-model=dynamic -fversion-loops-for-strides ,0.00000833,5,14952
linear-algebra/blas/gesummv/gesummv,-fgcse-after-reload -fipa-cp-clone -floop-unroll-and-jam -fpeel-loops -fsplit-loops -fsplit-paths -ftree-loop-distribution -ftree-loop-vectorize -ftree-partial-pre -ftree-slp-vectorize -funswitch-loops -fvect-cost-model -fvect-cost-model=dynamic -fversion-loops-for-strides ,0.00000966,5,14952
linear-algebra/blas/gesummv/gesummv,-fgcse-after-reload -fipa-cp-clone -floop-unroll-and-jam -fpredictive-commoning -fsplit-loops -fsplit-paths -ftree-loop-distribution -ftree-loop-vectorize -ftree-partial-pre -ftree-slp-vectorize -funswitch-loops -fvect-cost-model -fvect-cost-model=dynamic -fversion-loops-for-strides ,0.00000966,5,14952
linear-algebra/blas/gesummv/gesummv,-fgcse-after-reload -fipa-cp-clone -fpeel-loops -fpredictive-commoning -fsplit-loops -fsplit-paths -ftree-loop-distribution -ftree-loop-vectorize -ftree-partial-pre -ftree-slp-vectorize -funswitch-loops -fvect-cost-model -fvect-cost-model=dynamic -fversion-loops-for-strides ,0.00000900,0,14952
linear-algebra/blas/gesummv/gesummv,-fgcse-after-reload -floop-interchange -floop-unroll-and-jam -fpeel-loops -fpredictive-commoning -fsplit-loops -fsplit-paths -ftree-loop-distribution -ftree-loop-vectorize -ftree-partial-pre -ftree-slp-vectorize -funswitch-loops -fvect-cost-model -fvect-cost-model=dynamic ,0.00000966,5,14952
linear-algebra/blas/gesummv/gesummv,-fgcse-after-reload -floop-interchange -floop-unroll-and-jam -fpeel-loops -fpredictive-commoning -fsplit-loops -fsplit-paths -ftree-loop-distribution -ftree-loop-vectorize -ftree-partial-pre -ftree-slp-vectorize -funswitch-loops -fvect-cost-model -fversion-loops-for-strides ,0.00000900,0,14952
linear-algebra/blas/gesummv/gesummv,-fgcse-after-reload -floop-interchange -floop-unroll-and-jam -fpeel-loops -fpredictive-commoning -fsplit-loops -fsplit-paths -ftree-loop-distribution -ftree-loop-vectorize -ftree-partial-pre -ftree-slp-vectorize -funswitch-loops -fvect-cost-model=dynamic -fversion-loops-for-strides ,0.00000900,0,14952
linear-algebra/blas/gesummv/gesummv,-fgcse-after-reload -floop-interchange -floop-unroll-and-jam -fpeel-loops -fpredictive-commoning -fsplit-loops -fsplit-paths -ftree-loop-distribution -ftree-loop-vectorize -ftree-partial-pre -ftree-slp-vectorize -fvect-cost-model -fvect-cost-model=dynamic -fversion-loops-for-strides ,0.00001033,5,14952
linear-algebra/blas/gesummv/gesummv,-fgcse-after-reload -floop-interchange -floop-unroll-and-jam -fpeel-loops -fpredictive-commoning -fsplit-loops -fsplit-paths -ftree-loop-distribution -ftree-loop-vectorize -ftree-partial-pre -funswitch-loops -fvect-cost-model -fvect-cost-model=dynamic -fversion-loops-for-strides ,0.00000966,5,14952
linear-algebra/blas/gesummv/gesummv,-fgcse-after-reload -floop-interchange -floop-unroll-and-jam -fpeel-loops -fpredictive-commoning -fsplit-loops -fsplit-paths -ftree-loop-distribution -ftree-loop-vectorize -ftree-slp-vectorize -funswitch-loops -fvect-cost-model -fvect-cost-model=dynamic -fversion-loops-for-strides ,0.00001033,5,14952
linear-algebra/blas/gesummv/gesummv,-fgcse-after-reload -floop-interchange -floop-unroll-and-jam -fpeel-loops -fpredictive-commoning -fsplit-loops -fsplit-paths -ftree-loop-distribution -ftree-partial-pre -ftree-slp-vectorize -funswitch-loops -fvect-cost-model -fvect-cost-model=dynamic -fversion-loops-for-strides ,0.00000900,0,14928
linear-algebra/blas/gesummv/gesummv,-fgcse-after-reload -floop-interchange -floop-unroll-and-jam -fpeel-loops -fpredictive-commoning -fsplit-loops -fsplit-paths -ftree-loop-vectorize -ftree-partial-pre -ftree-slp-vectorize -funswitch-loops -fvect-cost-model -fvect-cost-model=dynamic -fversion-loops-for-strides ,0.00000933,5,14952
linear-algebra/blas/gesummv/gesummv,-fgcse-after-reload -floop-interchange -floop-unroll-and-jam -fpeel-loops -fpredictive-commoning -fsplit-loops -ftree-loop-distribution -ftree-loop-vectorize -ftree-partial-pre -ftree-slp-vectorize -funswitch-loops -fvect-cost-model -fvect-cost-model=dynamic -fversion-loops-for-strides ,0.00000933,5,14952
linear-algebra/blas/gesummv/gesummv,-fgcse-after-reload -floop-interchange -floop-unroll-and-jam -fpeel-loops -fpredictive-commoning -fsplit-paths -ftree-loop-distribution -ftree-loop-vectorize -ftree-partial-pre -ftree-slp-vectorize -funswitch-loops -fvect-cost-model -fvect-cost-model=dynamic -fversion-loops-for-strides ,0.00000900,0,14952
linear-algebra/blas/gesummv/gesummv,-fgcse-after-reload -floop-interchange -floop-unroll-and-jam -fpeel-loops -fsplit-loops -fsplit-paths -ftree-loop-distribution -ftree-loop-vectorize -ftree-partial-pre -ftree-slp-vectorize -funswitch-loops -fvect-cost-model -fvect-cost-model=dynamic -fversion-loops-for-strides ,0.00000866,5,14952
linear-algebra/blas/gesummv/gesummv,-fgcse-after-reload -floop-interchange -floop-unroll-and-jam -fpredictive-commoning -fsplit-loops -fsplit-paths -ftree-loop-distribution -ftree-loop-vectorize -ftree-partial-pre -ftree-slp-vectorize -funswitch-loops -fvect-cost-model -fvect-cost-model=dynamic -fversion-loops-for-strides ,0.00000900,5,14952
linear-algebra/blas/gesummv/gesummv,-fgcse-after-reload -floop-interchange -fpeel-loops -fpredictive-commoning -fsplit-loops -fsplit-paths -ftree-loop-distribution -ftree-loop-vectorize -ftree-partial-pre -ftree-slp-vectorize -funswitch-loops -fvect-cost-model -fvect-cost-model=dynamic -fversion-loops-for-strides ,0.00000866,5,14952
linear-algebra/blas/gesummv/gesummv,-fgcse-after-reload -floop-unroll-and-jam -fpeel-loops -fpredictive-commoning -fsplit-loops -fsplit-paths -ftree-loop-distribution -ftree-loop-vectorize -ftree-partial-pre -ftree-slp-vectorize -funswitch-loops -fvect-cost-model -fvect-cost-model=dynamic -fversion-loops-for-strides ,0.00000800,0,14952
linear-algebra/blas/gesummv/gesummv,-fipa-cp-clone -floop-interchange -floop-unroll-and-jam -fpeel-loops -fpredictive-commoning -fsplit-loops -fsplit-paths -ftree-loop-distribution -ftree-loop-vectorize -ftree-partial-pre -ftree-slp-vectorize -funswitch-loops -fvect-cost-model -fvect-cost-model=dynamic ,0.00000933,5,14952
linear-algebra/blas/gesummv/gesummv,-fipa-cp-clone -floop-interchange -floop-unroll-and-jam -fpeel-loops -fpredictive-commoning -fsplit-loops -fsplit-paths -ftree-loop-distribution -ftree-loop-vectorize -ftree-partial-pre -ftree-slp-vectorize -funswitch-loops -fvect-cost-model -fversion-loops-for-strides ,0.00000900,0,14952
linear-algebra/blas/gesummv/gesummv,-fipa-cp-clone -floop-interchange -floop-unroll-and-jam -fpeel-loops -fpredictive-commoning -fsplit-loops -fsplit-paths -ftree-loop-distribution -ftree-loop-vectorize -ftree-partial-pre -ftree-slp-vectorize -funswitch-loops -fvect-cost-model=dynamic -fversion-loops-for-strides ,0.00001000,5,14952
linear-algebra/blas/gesummv/gesummv,-fipa-cp-clone -floop-interchange -floop-unroll-and-jam -fpeel-loops -fpredictive-commoning -fsplit-loops -fsplit-paths -ftree-loop-distribution -ftree-loop-vectorize -ftree-partial-pre -ftree-slp-vectorize -fvect-cost-model -fvect-cost-model=dynamic -fversion-loops-for-strides ,0.00000933,5,14952
linear-algebra/blas/gesummv/gesummv,-fipa-cp-clone -floop-interchange -floop-unroll-and-jam -fpeel-loops -fpredictive-commoning -fsplit-loops -fsplit-paths -ftree-loop-distribution -ftree-loop-vectorize -ftree-partial-pre -funswitch-loops -fvect-cost-model -fvect-cost-model=dynamic -fversion-loops-for-strides ,0.00000933,5,14952
linear-algebra/blas/gesummv/gesummv,-fipa-cp-clone -floop-interchange -floop-unroll-and-jam -fpeel-loops -fpredictive-commoning -fsplit-loops -fsplit-paths -ftree-loop-distribution -ftree-loop-vectorize -ftree-slp-vectorize -funswitch-loops -fvect-cost-model -fvect-cost-model=dynamic -fversion-loops-for-strides ,0.00000900,5,14952
linear-algebra/blas/gesummv/gesummv,-fipa-cp-clone -floop-interchange -floop-unroll-and-jam -fpeel-loops -fpredictive-commoning -fsplit-loops -fsplit-paths -ftree-loop-distribution -ftree-partial-pre -ftree-slp-vectorize -funswitch-loops -fvect-cost-model -fvect-cost-model=dynamic -fversion-loops-for-strides ,0.00001000,0,14928
linear-algebra/blas/gesummv/gesummv,-fipa-cp-clone -floop-interchange -floop-unroll-and-jam -fpeel-loops -fpredictive-commoning -fsplit-loops -fsplit-paths -ftree-loop-vectorize -ftree-partial-pre -ftree-slp-vectorize -funswitch-loops -fvect-cost-model -fvect-cost-model=dynamic -fversion-loops-for-strides ,0.00001033,5,14952
linear-algebra/blas/gesummv/gesummv,-fipa-cp-clone -floop-interchange -floop-unroll-and-jam -fpeel-loops -fpredictive-commoning -fsplit-loops -ftree-loop-distribution -ftree-loop-vectorize -ftree-partial-pre -ftree-slp-vectorize -funswitch-loops -fvect-cost-model -fvect-cost-model=dynamic -fversion-loops-for-strides ,0.00001066,5,14952
linear-algebra/blas/gesummv/gesummv,-fipa-cp-clone -floop-interchange -floop-unroll-and-jam -fpeel-loops -fpredictive-commoning -fsplit-paths -ftree-loop-distribution -ftree-loop-vectorize -ftree-partial-pre -ftree-slp-vectorize -funswitch-loops -fvect-cost-model -fvect-cost-model=dynamic -fversion-loops-for-strides ,0.00000933,5,14952
linear-algebra/blas/gesummv/gesummv,-fipa-cp-clone -floop-interchange -floop-unroll-and-jam -fpeel-loops -fsplit-loops -fsplit-paths -ftree-loop-distribution -ftree-loop-vectorize -ftree-partial-pre -ftree-slp-vectorize -funswitch-loops -fvect-cost-model -fvect-cost-model=dynamic -fversion-loops-for-strides ,0.00000933,5,14952
linear-algebra/blas/gesummv/gesummv,-fipa-cp-clone -floop-interchange -floop-unroll-and-jam -fpredictive-commoning -fsplit-loops -fsplit-paths -ftree-loop-distribution -ftree-loop-vectorize -ftree-partial-pre -ftree-slp-vectorize -funswitch-loops -fvect-cost-model -fvect-cost-model=dynamic -fversion-loops-for-strides ,0.00000900,0,14952
linear-algebra/blas/gesummv/gesummv,-fipa-cp-clone -floop-interchange -fpeel-loops -fpredictive-commoning -fsplit-loops -fsplit-paths -ftree-loop-distribution -ftree-loop-vectorize -ftree-partial-pre -ftree-slp-vectorize -funswitch-loops -fvect-cost-model -fvect-cost-model=dynamic -fversion-loops-for-strides ,0.00000900,0,14952
linear-algebra/blas/gesummv/gesummv,-fipa-cp-clone -floop-unroll-and-jam -fpeel-loops -fpredictive-commoning -fsplit-loops -fsplit-paths -ftree-loop-distribution -ftree-loop-vectorize -ftree-partial-pre -ftree-slp-vectorize -funswitch-loops -fvect-cost-model -fvect-cost-model=dynamic -fversion-loops-for-strides ,0.00000900,0,14952
linear-algebra/blas/gesummv/gesummv,-floop-interchange -floop-unroll-and-jam -fpeel-loops -fpredictive-commoning -fsplit-loops -fsplit-paths -ftree-loop-distribution -ftree-loop-vectorize -ftree-partial-pre -ftree-slp-vectorize -funswitch-loops -fvect-cost-model -fvect-cost-model=dynamic -fversion-loops-for-strides ,0.00000900,0,14952
linear-algebra/blas/gesummv/gesummv,-fgcse-after-reload -fipa-cp-clone -floop-interchange -floop-unroll-and-jam -fpeel-loops -fpredictive-commoning -fsplit-loops -fsplit-paths -ftree-loop-distribution -ftree-loop-vectorize -ftree-partial-pre -ftree-slp-vectorize -funswitch-loops -fvect-cost-model -fvect-cost-model=dynamic ,0.00000933,5,14952
linear-algebra/blas/gesummv/gesummv,-fgcse-after-reload -fipa-cp-clone -floop-interchange -floop-unroll-and-jam -fpeel-loops -fpredictive-commoning -fsplit-loops -fsplit-paths -ftree-loop-distribution -ftree-loop-vectorize -ftree-partial-pre -ftree-slp-vectorize -funswitch-loops -fvect-cost-model -fversion-loops-for-strides ,0.00000900,0,14952
linear-algebra/blas/gesummv/gesummv,-fgcse-after-reload -fipa-cp-clone -floop-interchange -floop-unroll-and-jam -fpeel-loops -fpredictive-commoning -fsplit-loops -fsplit-paths -ftree-loop-distribution -ftree-loop-vectorize -ftree-partial-pre -ftree-slp-vectorize -funswitch-loops -fvect-cost-model=dynamic -fversion-loops-for-strides ,0.00000866,5,14952
linear-algebra/blas/gesummv/gesummv,-fgcse-after-reload -fipa-cp-clone -floop-interchange -floop-unroll-and-jam -fpeel-loops -fpredictive-commoning -fsplit-loops -fsplit-paths -ftree-loop-distribution -ftree-loop-vectorize -ftree-partial-pre -ftree-slp-vectorize -fvect-cost-model -fvect-cost-model=dynamic -fversion-loops-for-strides ,0.00000866,5,14952
linear-algebra/blas/gesummv/gesummv,-fgcse-after-reload -fipa-cp-clone -floop-interchange -floop-unroll-and-jam -fpeel-loops -fpredictive-commoning -fsplit-loops -fsplit-paths -ftree-loop-distribution -ftree-loop-vectorize -ftree-partial-pre -funswitch-loops -fvect-cost-model -fvect-cost-model=dynamic -fversion-loops-for-strides ,0.00000900,0,14952
linear-algebra/blas/gesummv/gesummv,-fgcse-after-reload -fipa-cp-clone -floop-interchange -floop-unroll-and-jam -fpeel-loops -fpredictive-commoning -fsplit-loops -fsplit-paths -ftree-loop-distribution -ftree-loop-vectorize -ftree-slp-vectorize -funswitch-loops -fvect-cost-model -fvect-cost-model=dynamic -fversion-loops-for-strides ,0.00001000,0,14952
linear-algebra/blas/gesummv/gesummv,-fgcse-after-reload -fipa-cp-clone -floop-interchange -floop-unroll-and-jam -fpeel-loops -fpredictive-commoning -fsplit-loops -fsplit-paths -ftree-loop-distribution -ftree-partial-pre -ftree-slp-vectorize -funswitch-loops -fvect-cost-model -fvect-cost-model=dynamic -fversion-loops-for-strides ,0.00000933,5,14928
linear-algebra/blas/gesummv/gesummv,-fgcse-after-reload -fipa-cp-clone -floop-interchange -floop-unroll-and-jam -fpeel-loops -fpredictive-commoning -fsplit-loops -fsplit-paths -ftree-loop-vectorize -ftree-partial-pre -ftree-slp-vectorize -funswitch-loops -fvect-cost-model -fvect-cost-model=dynamic -fversion-loops-for-strides ,0.00000933,5,14952
linear-algebra/blas/gesummv/gesummv,-fgcse-after-reload -fipa-cp-clone -floop-interchange -floop-unroll-and-jam -fpeel-loops -fpredictive-commoning -fsplit-loops -ftree-loop-distribution -ftree-loop-vectorize -ftree-partial-pre -ftree-slp-vectorize -funswitch-loops -fvect-cost-model -fvect-cost-model=dynamic -fversion-loops-for-strides ,0.00000966,5,14952
linear-algebra/blas/gesummv/gesummv,-fgcse-after-reload -fipa-cp-clone -floop-interchange -floop-unroll-and-jam -fpeel-loops -fpredictive-commoning -fsplit-paths -ftree-loop-distribution -ftree-loop-vectorize -ftree-partial-pre -ftree-slp-vectorize -funswitch-loops -fvect-cost-model -fvect-cost-model=dynamic -fversion-loops-for-strides ,0.00000933,5,14952
linear-algebra/blas/gesummv/gesummv,-fgcse-after-reload -fipa-cp-clone -floop-interchange -floop-unroll-and-jam -fpeel-loops -fsplit-loops -fsplit-paths -ftree-loop-distribution -ftree-loop-vectorize -ftree-partial-pre -ftree-slp-vectorize -funswitch-loops -fvect-cost-model -fvect-cost-model=dynamic -fversion-loops-for-strides ,0.00000933,5,14952
linear-algebra/blas/gesummv/gesummv,-fgcse-after-reload -fipa-cp-clone -floop-interchange -floop-unroll-and-jam -fpredictive-commoning -fsplit-loops -fsplit-paths -ftree-loop-distribution -ftree-loop-vectorize -ftree-partial-pre -ftree-slp-vectorize -funswitch-loops -fvect-cost-model -fvect-cost-model=dynamic -fversion-loops-for-strides ,0.00000800,0,14952
linear-algebra/blas/gesummv/gesummv,-fgcse-after-reload -fipa-cp-clone -floop-interchange -fpeel-loops -fpredictive-commoning -fsplit-loops -fsplit-paths -ftree-loop-distribution -ftree-loop-vectorize -ftree-partial-pre -ftree-slp-vectorize -funswitch-loops -fvect-cost-model -fvect-cost-model=dynamic -fversion-loops-for-strides ,0.00000833,5,14952
linear-algebra/blas/gesummv/gesummv,-fgcse-after-reload -fipa-cp-clone -floop-unroll-and-jam -fpeel-loops -fpredictive-commoning -fsplit-loops -fsplit-paths -ftree-loop-distribution -ftree-loop-vectorize -ftree-partial-pre -ftree-slp-vectorize -funswitch-loops -fvect-cost-model -fvect-cost-model=dynamic -fversion-loops-for-strides ,0.00000833,5,14952
linear-algebra/blas/gesummv/gesummv,-fgcse-after-reload -floop-interchange -floop-unroll-and-jam -fpeel-loops -fpredictive-commoning -fsplit-loops -fsplit-paths -ftree-loop-distribution -ftree-loop-vectorize -ftree-partial-pre -ftree-slp-vectorize -funswitch-loops -fvect-cost-model -fvect-cost-model=dynamic -fversion-loops-for-strides ,0.00000900,5,14952
linear-algebra/blas/gesummv/gesummv,-fipa-cp-clone -floop-interchange -floop-unroll-and-jam -fpeel-loops -fpredictive-commoning -fsplit-loops -fsplit-paths -ftree-loop-distribution -ftree-loop-vectorize -ftree-partial-pre -ftree-slp-vectorize -funswitch-loops -fvect-cost-model -fvect-cost-model=dynamic -fversion-loops-for-strides ,0.00000933,5,14952
linear-algebra/blas/gesummv/gesummv,-fgcse-after-reload -fipa-cp-clone -floop-interchange -floop-unroll-and-jam -fpeel-loops -fpredictive-commoning -fsplit-loops -fsplit-paths -ftree-loop-distribution -ftree-loop-vectorize -ftree-partial-pre -ftree-slp-vectorize -funswitch-loops -fvect-cost-model -fvect-cost-model=dynamic -fversion-loops-for-strides ,0.00000966,5,14952
